auROC	log2(auPRC/prior)	log2(P@r10/prior)	log2(P@r20/prior)	log2(P@r50/prior)	R@r10	R@r20	R@r50
0.8245049858011644	1.3595376418698342	1.6690831218853828	1.6690831218853828	1.632557245860269	0.049689440993788817	0.09937888198757763	0.2422360248447205
