auROC	log2(auPRC/prior)	log2(P@r10/prior)	log2(P@r20/prior)	log2(P@r50/prior)	R@r10	R@r20	R@r50
0.6487539531941808	0.5016125285925619	-0.31712710862354104	0.267835392097615	0.5308697979314089	0.013333333333333334	0.04	0.12
