auROC	log2(auPRC/prior)	log2(P@r10/prior)	log2(P@r20/prior)	log2(P@r50/prior)	R@r10	R@r20	R@r50
0.5960866506757693	0.07326773553083499	-0.4612028834894901	-0.876240382768334	-0.6132059769345399	0.006134969325153374	0.009202453987730062	0.027607361963190184
