auROC	log2(auPRC/prior)	log2(P@r10/prior)	log2(P@r20/prior)	log2(P@r50/prior)	R@r10	R@r20	R@r50
0.8245568536936422	1.4052006509604411	1.9910112167727452	1.9170106353289684	1.6690831218853828	0.062111801242236024	0.11801242236024845	0.2484472049689441
