auROC	log2(auPRC/prior)	log2(P@r10/prior)	log2(P@r20/prior)	log2(P@r50/prior)	R@r10	R@r20	R@r50
0.7457606686490396	1.7520392849212756	2.673654737053039	2.3517266421656773	1.7302382654194068	0.10869565217391304	0.17391304347826086	0.2826086956521739
