auROC	log2(auPRC/prior)	log2(P@r10/prior)	log2(P@r20/prior)	log2(P@r50/prior)	R@r10	R@r20	R@r50
0.8544722610964254	1.8737733438950588	2.5537437701104357	2.2318156752230736	2.119340945964661	0.09174311926605505	0.14678899082568808	0.3394495412844037
