auROC	log2(auPRC/prior)	log2(P@r10/prior)	log2(P@r20/prior)	log2(P@r50/prior)	R@r10	R@r20	R@r50
0.582441507573285	0.10760643586733323	0.28813538437148073	-0.05978791904882583	0.11304867781338965	0.011254019292604502	0.017684887459807074	0.04983922829581994
