auROC	log2(auPRC/prior)	log2(P@r10/prior)	log2(P@r20/prior)	log2(P@r50/prior)	R@r10	R@r20	R@r50
0.6648450347881087	0.7803244129527553	1.267835392097615	1.267835392097615	1.0613845146301888	0.04	0.08	0.17333333333333334
