auROC	log2(auPRC/prior)	log2(P@r10/prior)	log2(P@r20/prior)	log2(P@r50/prior)	R@r10	R@r20	R@r50
0.7229877331540918	2.1173000977109595	3.35563139855557	2.6775594934429323	1.35563139855557	0.18181818181818182	0.22727272727272727	0.22727272727272727
