auROC	log2(auPRC/prior)	log2(P@r10/prior)	log2(P@r20/prior)	log2(P@r50/prior)	R@r10	R@r20	R@r50
0.7308080808080808	2.7656408023358128	3.6578940231750074	2.9798221180623696	1.9209284290088011	0.2222222222222222	0.2777777777777778	0.3333333333333333
