auROC	log2(auPRC/prior)	log2(P@r10/prior)	log2(P@r20/prior)	log2(P@r50/prior)	R@r10	R@r20	R@r50
0.8489795918367347	3.2530682184792674	4.067810783789621	3.0678107837896214	2.3308451896234152	0.3	0.3	0.45
