auROC	log2(auPRC/prior)	log2(P@r10/prior)	log2(P@r20/prior)	log2(P@r50/prior)	R@r10	R@r20	R@r50
0.7044329432943295	0.5486760893101572	1.0876308798086667	1.16563339180994	0.9880952062577524	0.022277227722772276	0.04702970297029703	0.10396039603960396
