auROC	log2(auPRC/prior)	log2(P@r10/prior)	log2(P@r20/prior)	log2(P@r50/prior)	R@r10	R@r20	R@r50
0.8452256399525703	3.1117375553830664	3.854660636835961	3.2172307162206693	2.5327325419485986	0.25925925925925924	0.3333333333333333	0.5185185185185185
