auROC	log2(auPRC/prior)	log2(P@r10/prior)	log2(P@r20/prior)	log2(P@r50/prior)	R@r10	R@r20	R@r50
0.5	0.0	-inf	-inf	1.7926952041644126	0.0	0.0	0.3076923076923077
