auROC	log2(auPRC/prior)	log2(P@r10/prior)	log2(P@r20/prior)	log2(P@r50/prior)	R@r10	R@r20	R@r50
0.6917112460179119	0.7304526571181145	1.6208634522272634	1.0359009515061073	0.7139728566187449	0.047244094488188976	0.06299212598425197	0.12598425196850394
