auROC	log2(auPRC/prior)	log2(P@r10/prior)	log2(P@r20/prior)	log2(P@r50/prior)	R@r10	R@r20	R@r50
0.8101698043558508	1.8796575974355643	2.35453276031929	2.35453276031929	2.20252966687424	0.09523809523809523	0.19047619047619047	0.42857142857142855
