auROC	log2(auPRC/prior)	log2(P@r10/prior)	log2(P@r20/prior)	log2(P@r50/prior)	R@r10	R@r20	R@r50
0.8837536421179545	3.1142701110633904	2.9579647802027877	3.4433916073730293	2.9579647802027877	0.13513513513513514	0.3783783783783784	0.6756756756756757
