auROC	log2(auPRC/prior)	log2(P@r10/prior)	log2(P@r20/prior)	log2(P@r50/prior)	R@r10	R@r20	R@r50
0.7613031127944134	1.1188384654547254	1.7808452920391276	1.7068447105953506	1.6288421985940773	0.049019607843137254	0.09313725490196079	0.22058823529411764
