auROC	log2(auPRC/prior)	log2(P@r10/prior)	log2(P@r20/prior)	log2(P@r50/prior)	R@r10	R@r20	R@r50
0.7302435826314994	0.42948723725990584	0.6099635184724783	0.5168541140809968	0.6099635184724783	0.014466546112115732	0.027124773960216998	0.07233273056057866
