auROC	log2(auPRC/prior)	log2(P@r10/prior)	log2(P@r20/prior)	log2(P@r50/prior)	R@r10	R@r20	R@r50
0.7370877248177863	0.6190683317301963	1.0203859479487434	1.0983884599500167	0.920850274397829	0.023076923076923078	0.04871794871794872	0.1076923076923077
