auROC	log2(auPRC/prior)	log2(P@r10/prior)	log2(P@r20/prior)	log2(P@r50/prior)	R@r10	R@r20	R@r50
0.779550932952415	1.435918275359322	2.3319294870448615	1.9168919877660178	1.6538575819322237	0.08695652173913043	0.13043478260869565	0.2717391304347826
