auROC	log2(auPRC/prior)	log2(P@r10/prior)	log2(P@r20/prior)	log2(P@r50/prior)	R@r10	R@r20	R@r50
0.8828408782867986	3.347903643739826	4.005143303275959	3.6832152083885976	2.8207187321385323	0.2857142857142857	0.45714285714285713	0.6285714285714286
