auROC	log2(auPRC/prior)	log2(P@r10/prior)	log2(P@r20/prior)	log2(P@r50/prior)	R@r10	R@r20	R@r50
0.8548417132216015	2.4798971675773753	3.335926240928362	2.8504994137581203	2.454570737426981	0.175	0.25	0.475
