auROC	log2(auPRC/prior)	log2(P@r10/prior)	log2(P@r20/prior)	log2(P@r50/prior)	R@r10	R@r20	R@r50
0.7641041781414746	1.8160604626620203	2.7762522990515413	2.583607221109145	2.0981803939389034	0.11267605633802817	0.19718309859154928	0.352112676056338
