auROC	log2(auPRC/prior)	log2(P@r10/prior)	log2(P@r20/prior)	log2(P@r50/prior)	R@r10	R@r20	R@r50
0.7697161663903392	0.9642885327492142	1.5273750091682126	1.179451705747906	1.2054469142808504	0.043478260869565216	0.06832298136645963	0.17391304347826086
