auROC	log2(auPRC/prior)	log2(P@r10/prior)	log2(P@r20/prior)	log2(P@r50/prior)	R@r10	R@r20	R@r50
0.8953358208955224	2.518724420290206	2.797704752023885	2.8972404255747994	2.6226180454657935	0.11666666666666667	0.25	0.5166666666666667
