auROC	log2(auPRC/prior)	log2(P@r10/prior)	log2(P@r20/prior)	log2(P@r50/prior)	R@r10	R@r20	R@r50
0.5927505539541541	0.13203788429604493	0.2500726671336314	0.34960834068454605	0.16518376954711878	0.009162303664921465	0.01963350785340314	0.04319371727748691
