auROC	log2(auPRC/prior)	log2(P@r10/prior)	log2(P@r20/prior)	log2(P@r50/prior)	R@r10	R@r20	R@r50
0.7436107694410277	2.202427879176763	2.660431745976907	2.660431745976907	1.7535411503683886	0.1111111111111111	0.2222222222222222	0.2962962962962963
