auROC	log2(auPRC/prior)	log2(P@r10/prior)	log2(P@r20/prior)	log2(P@r50/prior)	R@r10	R@r20	R@r50
0.8801761119891623	2.1523161492238	2.6529533325640373	2.7309558445653104	2.331025237676675	0.10465116279069768	0.22093023255813954	0.4186046511627907
