auROC	log2(auPRC/prior)	log2(P@r10/prior)	log2(P@r20/prior)	log2(P@r50/prior)	R@r10	R@r20	R@r50
0.8073273589878757	2.634334831277514	3.3474631869945	3.025535092107138	2.5109619192773796	0.17857142857142858	0.2857142857142857	0.5
