auROC	log2(auPRC/prior)	log2(P@r10/prior)	log2(P@r20/prior)	log2(P@r50/prior)	R@r10	R@r20	R@r50
0.9024667931688803	3.419207572895046	4.005143303275959	3.6832152083885976	2.8848490695582476	0.2857142857142857	0.45714285714285713	0.6571428571428571
