auROC	log2(auPRC/prior)	log2(P@r10/prior)	log2(P@r20/prior)	log2(P@r50/prior)	R@r10	R@r20	R@r50
0.697508398656215	0.8630562240079416	0.9984644010887745	1.2208568224252225	1.4135019003676188	0.031914893617021274	0.07446808510638298	0.2127659574468085
