auROC	log2(auPRC/prior)	log2(P@r10/prior)	log2(P@r20/prior)	log2(P@r50/prior)	R@r10	R@r20	R@r50
0.9136783733826248	3.8820624762922598	4.047014819517589	3.7839804136837953	3.1401242239090705	0.3	0.5	0.8
