auROC	log2(auPRC/prior)	log2(P@r10/prior)	log2(P@r20/prior)	log2(P@r50/prior)	R@r10	R@r20	R@r50
0.6302135748630213	0.47769166634419263	1.352210661823405	1.0302825669360427	0.5157093941062846	0.03787878787878788	0.06060606060606061	0.10606060606060606
