auROC	log2(auPRC/prior)	log2(P@r10/prior)	log2(P@r20/prior)	log2(P@r50/prior)	R@r10	R@r20	R@r50
0.6206658616525789	0.4635417552898807	1.0815875344962622	0.666550035217418	0.5670143616665038	0.03636363636363636	0.05454545454545454	0.12727272727272726
