auROC	log2(auPRC/prior)	log2(P@r10/prior)	log2(P@r20/prior)	log2(P@r50/prior)	R@r10	R@r20	R@r50
0.7349766899766901	0.543317681490324	1.1211571264922906	1.0471565450485139	0.8348529413356498	0.021367521367521368	0.0405982905982906	0.0876068376068376
