auROC	log2(auPRC/prior)	log2(P@r10/prior)	log2(P@r20/prior)	log2(P@r50/prior)	R@r10	R@r20	R@r50
0.7182499148791284	2.2572790571130774	2.922543859920004	1.922543859920004	1.3375813591988481	0.13636363636363635	0.13636363636363635	0.22727272727272727
