auROC	log2(auPRC/prior)	log2(P@r10/prior)	log2(P@r20/prior)	log2(P@r50/prior)	R@r10	R@r20	R@r50
0.8275229357798165	1.5305147166987798	-inf	-inf	3.4489009511451276	0.0	0.0	1.0
