auROC	log2(auPRC/prior)	log2(P@r10/prior)	log2(P@r20/prior)	log2(P@r50/prior)	R@r10	R@r20	R@r50
0.7852471847699845	1.3480377872976381	2.020022303431814	1.9460217219880367	1.7684835364358493	0.062111801242236024	0.11801242236024845	0.2608695652173913
