auROC	log2(auPRC/prior)	log2(P@r10/prior)	log2(P@r20/prior)	log2(P@r50/prior)	R@r10	R@r20	R@r50
0.63719165085389	0.9026831731109037	1.8533303508579908	1.8533303508579908	0.5314022559706283	0.06666666666666667	0.13333333333333333	0.13333333333333333
