auROC	log2(auPRC/prior)	log2(P@r10/prior)	log2(P@r20/prior)	log2(P@r50/prior)	R@r10	R@r20	R@r50
0.7592870315951603	0.3151361290561599	0.3894366852373902	0.4674391972386632	0.35701520754501276	0.00966702470461869	0.02040816326530612	0.047261009667024706
