auROC	log2(auPRC/prior)	log2(P@r10/prior)	log2(P@r20/prior)	log2(P@r50/prior)	R@r10	R@r20	R@r50
0.7284858641343139	0.49598091647054254	0.8037315015687896	0.7106220971773081	0.6110864236263934	0.017130620985010708	0.032119914346895075	0.07494646680942184
