auROC	log2(auPRC/prior)	log2(P@r10/prior)	log2(P@r20/prior)	log2(P@r50/prior)	R@r10	R@r20	R@r50
0.8833950290851401	2.500720436096763	2.5638666652656483	2.6793438826855844	2.701370189015583	0.0967741935483871	0.20967741935483872	0.532258064516129
