auROC	log2(auPRC/prior)	log2(P@r10/prior)	log2(P@r20/prior)	log2(P@r50/prior)	R@r10	R@r20	R@r50
0.6342900986991246	0.5414948936903377	1.7494330720713605	0.7494330720713605	0.16447057135020454	0.05660377358490566	0.05660377358490566	0.09433962264150944
