auROC	log2(auPRC/prior)	log2(P@r10/prior)	log2(P@r20/prior)	log2(P@r50/prior)	R@r10	R@r20	R@r50
0.6909787859693342	1.195930293353614	1.6502539609728755	0.6502539609728755	1.6502539609728755	0.05555555555555555	0.05555555555555555	0.2777777777777778
