auROC	log2(auPRC/prior)	log2(P@r10/prior)	log2(P@r20/prior)	log2(P@r50/prior)	R@r10	R@r20	R@r50
0.8450895185120807	1.8988381649639048	2.071637874088657	2.2415628755309696	2.2091413978385916	0.07272727272727272	0.16363636363636364	0.4
