auROC	log2(auPRC/prior)	log2(P@r10/prior)	log2(P@r20/prior)	log2(P@r50/prior)	R@r10	R@r20	R@r50
0.7997211895910781	2.9074322704654416	3.417852514885898	3.6402449362223455	2.5984247605277186	0.1875	0.4375	0.53125
