auROC	log2(auPRC/prior)	log2(P@r10/prior)	log2(P@r20/prior)	log2(P@r50/prior)	R@r10	R@r20	R@r50
0.8085373509102323	2.0334653969545764	2.6322682154995127	1.632268215499513	1.5327325419485986	0.16666666666666666	0.16666666666666666	0.3888888888888889
