auROC	log2(auPRC/prior)	log2(P@r10/prior)	log2(P@r20/prior)	log2(P@r50/prior)	R@r10	R@r20	R@r50
0.8735447303921569	3.0371386130823455	3.2428565238961635	3.564784618783526	2.9209284290088013	0.16666666666666666	0.4166666666666667	0.6666666666666666
