auROC	log2(auPRC/prior)	log2(P@r10/prior)	log2(P@r20/prior)	log2(P@r50/prior)	R@r10	R@r20	R@r50
0.6093306288032454	0.2589713393541868	0.6772943814932311	0.16272120866347273	0.12090103296884579	0.021551724137931036	0.03017241379310345	0.07327586206896551
