auROC	log2(auPRC/prior)	log2(P@r10/prior)	log2(P@r20/prior)	log2(P@r50/prior)	R@r10	R@r20	R@r50
0.8550206029060942	1.8338117410400137	2.039662812259135	2.31977073145187	2.1198331609431182	0.08045977011494253	0.19540229885057472	0.42528735632183906
