auROC	log2(auPRC/prior)	log2(P@r10/prior)	log2(P@r20/prior)	log2(P@r50/prior)	R@r10	R@r20	R@r50
0.5613590263691683	0.12393377481285947	-0.05967121267297516	-0.05967121267297516	0.03343819171850635	0.01293103448275862	0.02586206896551724	0.06896551724137931
