auROC	log2(auPRC/prior)	log2(P@r10/prior)	log2(P@r20/prior)	log2(P@r50/prior)	R@r10	R@r20	R@r50
0.9237845216843431	2.2608532651636004	2.4877406930084884	2.295095615066092	2.4512148169833745	0.0898876404494382	0.15730337078651685	0.43820224719101125
