auROC	log2(auPRC/prior)	log2(P@r10/prior)	log2(P@r20/prior)	log2(P@r50/prior)	R@r10	R@r20	R@r50
0.7019592482020227	0.5597168669340336	0.8850438933102698	0.9630464053115428	0.9781532977017512	0.017341040462427744	0.036608863198458574	0.09248554913294797
