auROC	log2(auPRC/prior)	log2(P@r10/prior)	log2(P@r20/prior)	log2(P@r50/prior)	R@r10	R@r20	R@r50
0.7643610339183069	1.14363924900743	1.7018644012344	1.4388299954006063	1.5498613077893502	0.05504587155963303	0.09174311926605505	0.24770642201834864
