auROC	log2(auPRC/prior)	log2(P@r10/prior)	log2(P@r20/prior)	log2(P@r50/prior)	R@r10	R@r20	R@r50
0.7450469238790406	2.630414772864337	3.00514330327596	2.590105803997116	2.00514330327596	0.14285714285714285	0.21428571428571427	0.35714285714285715
