auROC	log2(auPRC/prior)	log2(P@r10/prior)	log2(P@r20/prior)	log2(P@r50/prior)	R@r10	R@r20	R@r50
0.7962262388491896	2.624220396489253	3.17730453180791	3.17730453180791	2.7298455548366887	0.15384615384615385	0.3076923076923077	0.5641025641025641
