auROC	log2(auPRC/prior)	log2(P@r10/prior)	log2(P@r20/prior)	log2(P@r50/prior)	R@r10	R@r20	R@r50
0.9908424908424908	7.320424504296975	4.776103988073165	4.776103988073165	3.454175893185802	0.5	1.0	1.0
