auROC	log2(auPRC/prior)	log2(P@r10/prior)	log2(P@r20/prior)	log2(P@r50/prior)	R@r10	R@r20	R@r50
0.6682556578886473	0.9534794344401271	1.4702670199992363	1.7921951148865984	1.1483389251118739	0.04878048780487805	0.12195121951219512	0.1951219512195122
