auROC	log2(auPRC/prior)	log2(P@r10/prior)	log2(P@r20/prior)	log2(P@r50/prior)	R@r10	R@r20	R@r50
0.6864463607166805	0.5891000273552383	1.280209549641926	1.017175143808132	0.37331895403340737	0.03592814371257485	0.059880239520958084	0.09580838323353294
