auROC	log2(auPRC/prior)	log2(P@r10/prior)	log2(P@r20/prior)	log2(P@r50/prior)	R@r10	R@r20	R@r50
0.5663016307582431	0.13125458147705224	-inf	-inf	-0.43566117140469496	0.0	0.0	0.06451612903225806
