auROC	log2(auPRC/prior)	log2(P@r10/prior)	log2(P@r20/prior)	log2(P@r50/prior)	R@r10	R@r20	R@r50
0.8068705488060326	2.4009400382882813	3.200621798665229	3.200621798665229	2.1417281096116603	0.16129032258064516	0.3225806451612903	0.3870967741935484
