auROC	log2(auPRC/prior)	log2(P@r10/prior)	log2(P@r20/prior)	log2(P@r50/prior)	R@r10	R@r20	R@r50
0.8002564608404025	1.9944765059777145	2.2458738546756107	2.468266276012059	1.9239457597882486	0.08108108108108109	0.1891891891891892	0.32432432432432434
