auROC	log2(auPRC/prior)	log2(P@r10/prior)	log2(P@r20/prior)	log2(P@r50/prior)	R@r10	R@r20	R@r50
0.6672862453531598	2.73733670543279	-inf	-inf	2.432959407276106	0.0	0.0	0.5
