auROC	log2(auPRC/prior)	log2(P@r10/prior)	log2(P@r20/prior)	log2(P@r50/prior)	R@r10	R@r20	R@r50
0.7222446328456174	0.5003263747936156	0.7790673146585951	0.8570698266598683	0.8107761743859334	0.01584507042253521	0.03345070422535211	0.08098591549295775
