auROC	log2(auPRC/prior)	log2(P@r10/prior)	log2(P@r20/prior)	log2(P@r50/prior)	R@r10	R@r20	R@r50
0.8176130763333699	0.8880439668233676	1.2572690798781516	1.2572690798781516	1.1680017417810642	0.02518891687657431	0.05037783375314862	0.11838790931989925
