auROC	log2(auPRC/prior)	log2(P@r10/prior)	log2(P@r20/prior)	log2(P@r50/prior)	R@r10	R@r20	R@r50
0.6703170229832944	0.5707545081234446	0.16447057135020454	0.16447057135020454	0.16447057135020454	0.018867924528301886	0.03773584905660377	0.09433962264150944
