auROC	log2(auPRC/prior)	log2(P@r10/prior)	log2(P@r20/prior)	log2(P@r50/prior)	R@r10	R@r20	R@r50
0.6226719290099572	0.38365506569555347	1.276517635197416	0.27651763519741585	0.09209306405998825	0.035211267605633804	0.035211267605633804	0.07746478873239436
