auROC	log2(auPRC/prior)	log2(P@r10/prior)	log2(P@r20/prior)	log2(P@r50/prior)	R@r10	R@r20	R@r50
0.902695381281322	2.476149516572088	2.6153071097171514	2.714842783268066	2.7714263116344338	0.10144927536231885	0.21739130434782608	0.5652173913043478
