auROC	log2(auPRC/prior)	log2(P@r10/prior)	log2(P@r20/prior)	log2(P@r50/prior)	R@r10	R@r20	R@r50
0.8976749539594844	4.50490454416708	4.804776377955828	4.1267044728431905	3.0678107837896214	0.5	0.625	0.75
