auROC	log2(auPRC/prior)	log2(P@r10/prior)	log2(P@r20/prior)	log2(P@r50/prior)	R@r10	R@r20	R@r50
0.7605474280320906	0.704985376638924	1.0203859479487434	1.0203859479487434	1.0520948076760817	0.023076923076923078	0.046153846153846156	0.11794871794871795
