auROC	log2(auPRC/prior)	log2(P@r10/prior)	log2(P@r20/prior)	log2(P@r50/prior)	R@r10	R@r20	R@r50
0.5887904967602592	0.2276292583982716	-inf	-inf	-0.15072126746921974	0.0	0.0	0.08
