auROC	log2(auPRC/prior)	log2(P@r10/prior)	log2(P@r20/prior)	log2(P@r50/prior)	R@r10	R@r20	R@r50
0.7264498141263941	1.3698699499068319	1.6735564239901446	2.1589832511603864	2.02970023421542	0.05	0.14	0.32
