auROC	log2(auPRC/prior)	log2(P@r10/prior)	log2(P@r20/prior)	log2(P@r50/prior)	R@r10	R@r20	R@r50
0.8078007518796992	1.9020749293756565	2.7548875021634687	1.7548875021634684	1.432959407276106	0.125	0.125	0.25
