auROC	log2(auPRC/prior)	log2(P@r10/prior)	log2(P@r20/prior)	log2(P@r50/prior)	R@r10	R@r20	R@r50
0.7387645264661595	0.11374483152479481	0.20014468234742835	0.20014468234742835	0.20014468234742835	0.003389830508474576	0.006779661016949152	0.01694915254237288
