auROC	log2(auPRC/prior)	log2(P@r10/prior)	log2(P@r20/prior)	log2(P@r50/prior)	R@r10	R@r20	R@r50
0.8757855822550832	3.3707033097829	3.4620523187964327	3.4620523187964327	2.7250867246302266	0.2	0.4	0.6
