auROC	log2(auPRC/prior)	log2(P@r10/prior)	log2(P@r20/prior)	log2(P@r50/prior)	R@r10	R@r20	R@r50
0.8096221383975026	1.485507890339658	2.0	2.0874628412503395	1.807354922057604	0.06451612903225806	0.13709677419354838	0.28225806451612906
