auROC	log2(auPRC/prior)	log2(P@r10/prior)	log2(P@r20/prior)	log2(P@r50/prior)	R@r10	R@r20	R@r50
0.7822238500747795	1.6841548062676173	2.5382787094359767	1.900848788820685	1.8684273111283076	0.1044776119402985	0.13432835820895522	0.3283582089552239
