auROC	log2(auPRC/prior)	log2(P@r10/prior)	log2(P@r20/prior)	log2(P@r50/prior)	R@r10	R@r20	R@r50
0.7852564102564104	2.421160010018546	3.1197392442740957	2.7047017449952517	2.3827736501078896	0.15384615384615385	0.23076923076923078	0.46153846153846156
