auROC	log2(auPRC/prior)	log2(P@r10/prior)	log2(P@r20/prior)	log2(P@r50/prior)	R@r10	R@r20	R@r50
0.8217645929339478	1.8487247811629721	2.635588573791124	2.3725541679573303	2.0506260730699677	0.10714285714285714	0.17857142857142858	0.35714285714285715
