auROC	log2(auPRC/prior)	log2(P@r10/prior)	log2(P@r20/prior)	log2(P@r50/prior)	R@r10	R@r20	R@r50
0.8600000000000001	2.938927846012215	3.212050477114989	3.797012977836145	2.475084882948783	0.16666666666666666	0.5	0.5
