auROC	log2(auPRC/prior)	log2(P@r10/prior)	log2(P@r20/prior)	log2(P@r50/prior)	R@r10	R@r20	R@r50
0.7019871120817494	0.4889373385746525	0.7936366408098238	0.7936366408098238	0.6643536238648574	0.022082018927444796	0.04416403785488959	0.10094637223974763
