auROC	log2(auPRC/prior)	log2(P@r10/prior)	log2(P@r20/prior)	log2(P@r50/prior)	R@r10	R@r20	R@r50
0.9012325612894487	2.292978334508305	2.12988028254691	2.5083919058006394	2.530418212130639	0.07246376811594203	0.18840579710144928	0.4782608695652174
