auROC	log2(auPRC/prior)	log2(P@r10/prior)	log2(P@r20/prior)	log2(P@r50/prior)	R@r10	R@r20	R@r50
0.7982816301703163	2.0234096521034393	2.837943241891027	2.837943241891027	2.252980741169871	0.125	0.25	0.4166666666666667
