auROC	log2(auPRC/prior)	log2(P@r10/prior)	log2(P@r20/prior)	log2(P@r50/prior)	R@r10	R@r20	R@r50
0.7999619896681006	1.658047033412728	2.401740676665386	2.319278516473413	1.9973504215860507	0.08256880733944955	0.1559633027522936	0.3119266055045872
