auROC	log2(auPRC/prior)	log2(P@r10/prior)	log2(P@r20/prior)	log2(P@r50/prior)	R@r10	R@r20	R@r50
0.7572473230608514	1.7306172968568525	2.0025739436638266	2.0025739436638266	2.0025739436638266	0.07142857142857142	0.14285714285714285	0.35714285714285715
