auROC	log2(auPRC/prior)	log2(P@r10/prior)	log2(P@r20/prior)	log2(P@r50/prior)	R@r10	R@r20	R@r50
0.7027158985610225	0.10789781104750681	0.2338109207022795	0.1598103392585026	0.174917231648711	0.006045949214026602	0.011487303506650543	0.02902055622732769
