auROC	log2(auPRC/prior)	log2(P@r10/prior)	log2(P@r20/prior)	log2(P@r50/prior)	R@r10	R@r20	R@r50
0.740074211502783	1.0973447428211411	-inf	0.4828482830684656	1.4828482830684657	0.0	0.05	0.25
