auROC	log2(auPRC/prior)	log2(P@r10/prior)	log2(P@r20/prior)	log2(P@r50/prior)	R@r10	R@r20	R@r50
0.6723697650663942	0.5616534572086535	-inf	-inf	0.01565326431148558	0.0	0.0	0.09090909090909091
