auROC	log2(auPRC/prior)	log2(P@r10/prior)	log2(P@r20/prior)	log2(P@r50/prior)	R@r10	R@r20	R@r50
0.8655541292255028	1.856556628722556	2.4753579913340547	2.3928958311420816	1.9835048950043799	0.09473684210526316	0.17894736842105263	0.3368421052631579
