auROC	log2(auPRC/prior)	log2(P@r10/prior)	log2(P@r20/prior)	log2(P@r50/prior)	R@r10	R@r20	R@r50
0.7780637254901961	2.8541889979306463	3.897885782347309	2.897885782347309	1.8978857823473094	0.26666666666666666	0.26666666666666666	0.3333333333333333
