auROC	log2(auPRC/prior)	log2(P@r10/prior)	log2(P@r20/prior)	log2(P@r50/prior)	R@r10	R@r20	R@r50
0.679500870115488	0.7490111157080707	1.325456906367609	1.6473850012549711	0.9104194070887651	0.04081632653061224	0.10204081632653061	0.15306122448979592
