auROC	log2(auPRC/prior)	log2(P@r10/prior)	log2(P@r20/prior)	log2(P@r50/prior)	R@r10	R@r20	R@r50
0.7888892714502134	0.5841600171421163	0.5080646308499733	0.5080646308499733	0.6641838327672553	0.0170316301703163	0.0340632603406326	0.0948905109489051
