auROC	log2(auPRC/prior)	log2(P@r10/prior)	log2(P@r20/prior)	log2(P@r50/prior)	R@r10	R@r20	R@r50
0.7521485573971761	3.606728075587243	4.20945336562895	3.5313814605163123	2.2094533656289497	0.3333333333333333	0.4166666666666667	0.4166666666666667
