auROC	log2(auPRC/prior)	log2(P@r10/prior)	log2(P@r20/prior)	log2(P@r50/prior)	R@r10	R@r20	R@r50
0.8972170686456401	3.8402674014633975	4.469885976274464	3.6922783976109113	2.7329203821082575	0.4	0.4666666666666667	0.6
