auROC	log2(auPRC/prior)	log2(P@r10/prior)	log2(P@r20/prior)	log2(P@r50/prior)	R@r10	R@r20	R@r50
0.8493516399694889	3.546788005718852	3.587491327031895	3.7574163284742075	2.7249948507818296	0.21052631578947367	0.47368421052631576	0.5789473684210527
