auROC	log2(auPRC/prior)	log2(P@r10/prior)	log2(P@r20/prior)	log2(P@r50/prior)	R@r10	R@r20	R@r50
0.7602752293577981	2.936748295826122	3.4982508675278257	2.820178962415188	2.176322772640463	0.2	0.25	0.4
