auROC	log2(auPRC/prior)	log2(P@r10/prior)	log2(P@r20/prior)	log2(P@r50/prior)	R@r10	R@r20	R@r50
0.803902993558166	1.7489071052215162	0.9875090558168031	1.5724715565379592	2.250543461650597	0.034482758620689655	0.10344827586206896	0.41379310344827586
