auROC	log2(auPRC/prior)	log2(P@r10/prior)	log2(P@r20/prior)	log2(P@r50/prior)	R@r10	R@r20	R@r50
0.6286121286121286	0.7298262133147426	-inf	-inf	0.3025627700204313	0.0	0.0	0.1111111111111111
