auROC	log2(auPRC/prior)	log2(P@r10/prior)	log2(P@r20/prior)	log2(P@r50/prior)	R@r10	R@r20	R@r50
0.7501636150556291	1.4095140874992524	2.3041731006272803	2.2217109404353073	1.8123200042976055	0.0743801652892562	0.14049586776859505	0.2644628099173554
