auROC	log2(auPRC/prior)	log2(P@r10/prior)	log2(P@r20/prior)	log2(P@r50/prior)	R@r10	R@r20	R@r50
0.6667904062902152	0.13295240387382665	0.37782642018177137	0.37782642018177137	0.22582332673672145	0.0102880658436214	0.0205761316872428	0.046296296296296294
