auROC	log2(auPRC/prior)	log2(P@r10/prior)	log2(P@r20/prior)	log2(P@r50/prior)	R@r10	R@r20	R@r50
0.6851471594798083	1.4920535168058564	1.274439169106043	2.274439169106043	1.759865996276285	0.047619047619047616	0.19047619047619047	0.3333333333333333
