auROC	log2(auPRC/prior)	log2(P@r10/prior)	log2(P@r20/prior)	log2(P@r50/prior)	R@r10	R@r20	R@r50
0.598793363499246	0.25005472582929567	-inf	-0.7727663155940528	0.22723368440594718	0.0	0.0196078431372549	0.09803921568627451
