auROC	log2(auPRC/prior)	log2(P@r10/prior)	log2(P@r20/prior)	log2(P@r50/prior)	R@r10	R@r20	R@r50
0.9368334992179724	2.9255269777851023	3.1895204815175493	3.1895204815175493	2.9119865059886405	0.15384615384615385	0.3076923076923077	0.6346153846153846
