auROC	log2(auPRC/prior)	log2(P@r10/prior)	log2(P@r20/prior)	log2(P@r50/prior)	R@r10	R@r20	R@r50
0.6946636403490164	0.13826563779710374	0.05589832529440919	0.14336116654474826	0.12628765318580698	0.00823045267489712	0.01748971193415638	0.043209876543209874
