auROC	log2(auPRC/prior)	log2(P@r10/prior)	log2(P@r20/prior)	log2(P@r50/prior)	R@r10	R@r20	R@r50
0.6681988557900967	0.4049353731019945	0.6643598327301374	0.2493223334512934	0.1497866599003792	0.021621621621621623	0.032432432432432434	0.07567567567567568
