auROC	log2(auPRC/prior)	log2(P@r10/prior)	log2(P@r20/prior)	log2(P@r50/prior)	R@r10	R@r20	R@r50
0.7707508809975604	1.7485231817311537	2.3553385101536324	2.3553385101536324	2.2033354167085824	0.08571428571428572	0.17142857142857143	0.38571428571428573
