auROC	log2(auPRC/prior)	log2(P@r10/prior)	log2(P@r20/prior)	log2(P@r50/prior)	R@r10	R@r20	R@r50
0.6938735564689763	0.6662944829623804	0.7168502328691303	0.7168502328691303	0.1318877321479743	0.02564102564102564	0.05128205128205128	0.08547008547008547
