auROC	log2(auPRC/prior)	log2(P@r10/prior)	log2(P@r20/prior)	log2(P@r50/prior)	R@r10	R@r20	R@r50
0.7652550091074681	4.013890543520953	3.7996054224526694	3.7996054224526694	2.4776773275653072	0.25	0.5	0.5
