auROC	log2(auPRC/prior)	log2(P@r10/prior)	log2(P@r20/prior)	log2(P@r50/prior)	R@r10	R@r20	R@r50
0.7098580468043791	0.2074976071668636	-0.07996830470341539	0.20013961448932005	0.25018029698891564	0.004901960784313725	0.011904761904761904	0.03081232492997199
