auROC	log2(auPRC/prior)	log2(P@r10/prior)	log2(P@r20/prior)	log2(P@r50/prior)	R@r10	R@r20	R@r50
0.7654281916576999	1.9251471518307817	2.924754105538988	2.509716606260144	2.062257629288923	0.13114754098360656	0.19672131147540983	0.36065573770491804
