auROC	log2(auPRC/prior)	log2(P@r10/prior)	log2(P@r20/prior)	log2(P@r50/prior)	R@r10	R@r20	R@r50
0.8106261859582542	3.883662146260725	4.175258445745353	3.438292851579147	2.1163647566917847	0.3333333333333333	0.4	0.4
