auROC	log2(auPRC/prior)	log2(P@r10/prior)	log2(P@r20/prior)	log2(P@r50/prior)	R@r10	R@r20	R@r50
0.8051407417755116	1.503278951945311	2.0822026593295253	1.999740499137552	1.875751781862099	0.06474820143884892	0.1223021582733813	0.2805755395683453
