auROC	log2(auPRC/prior)	log2(P@r10/prior)	log2(P@r20/prior)	log2(P@r50/prior)	R@r10	R@r20	R@r50
0.8003487358326068	2.7342373513599734	3.778094893324794	3.067601510519779	2.4561667984374314	0.24324324324324326	0.2972972972972973	0.4864864864864865
