auROC	log2(auPRC/prior)	log2(P@r10/prior)	log2(P@r20/prior)	log2(P@r50/prior)	R@r10	R@r20	R@r50
0.7338889062940568	0.9813616848557857	1.5056613109102956	1.785769230103031	1.5463032954076417	0.03954802259887006	0.096045197740113	0.2033898305084746
