auROC	log2(auPRC/prior)	log2(P@r10/prior)	log2(P@r20/prior)	log2(P@r50/prior)	R@r10	R@r20	R@r50
0.8250932835820896	1.784706495561863	2.106915203916512	2.299560281858908	2.106915203916512	0.0673076923076923	0.15384615384615385	0.33653846153846156
