auROC	log2(auPRC/prior)	log2(P@r10/prior)	log2(P@r20/prior)	log2(P@r50/prior)	R@r10	R@r20	R@r50
0.6878631395139291	0.24634901030669282	0.6099635184724781	0.6099635184724781	0.3923720833998512	0.018083182640144666	0.03616636528028933	0.07775768535262206
