auROC	log2(auPRC/prior)	log2(P@r10/prior)	log2(P@r20/prior)	log2(P@r50/prior)	R@r10	R@r20	R@r50
0.8252262629586968	1.6954235402027233	2.27141554662145	2.188953386429477	2.027489963735361	0.07627118644067797	0.1440677966101695	0.3220338983050847
