auROC	log2(auPRC/prior)	log2(P@r10/prior)	log2(P@r20/prior)	log2(P@r50/prior)	R@r10	R@r20	R@r50
0.7079365079365079	1.5271605712844594	2.100603940938406	2.270528942380718	1.4791155641921356	0.1111111111111111	0.25	0.3611111111111111
