auROC	log2(auPRC/prior)	log2(P@r10/prior)	log2(P@r20/prior)	log2(P@r50/prior)	R@r10	R@r20	R@r50
0.8198976130265836	1.8500476427892651	2.422580261496107	1.422580261496107	1.9751212845248858	0.0967741935483871	0.0967741935483871	0.3548387096774194
