auROC	log2(auPRC/prior)	log2(P@r10/prior)	log2(P@r20/prior)	log2(P@r50/prior)	R@r10	R@r20	R@r50
0.7965020913638973	1.7246132578985576	2.6874130378448524	2.3248429584601444	2.1497562519020534	0.10112359550561797	0.15730337078651685	0.34831460674157305
