auROC	log2(auPRC/prior)	log2(P@r10/prior)	log2(P@r20/prior)	log2(P@r50/prior)	R@r10	R@r20	R@r50
0.7266037434010558	1.4869309442299858	2.413501900367619	2.413501900367619	1.8464613076437248	0.0851063829787234	0.1702127659574468	0.2872340425531915
