auROC	log2(auPRC/prior)	log2(P@r10/prior)	log2(P@r20/prior)	log2(P@r50/prior)	R@r10	R@r20	R@r50
0.8630678077682685	2.9223705870676486	3.4636562044990225	3.200621798665229	2.7266906103328163	0.1935483870967742	0.3225806451612903	0.5806451612903226
