auROC	log2(auPRC/prior)	log2(P@r10/prior)	log2(P@r20/prior)	log2(P@r50/prior)	R@r10	R@r20	R@r50
0.7072911636890391	1.7673830266013304	1.5696957440678458	0.5696957440678458	1.2477676491804834	0.05263157894736842	0.05263157894736842	0.21052631578947367
