auROC	log2(auPRC/prior)	log2(P@r10/prior)	log2(P@r20/prior)	log2(P@r50/prior)	R@r10	R@r20	R@r50
0.7842671614100186	0.9573241168109164	1.4135940824091753	1.243669080966863	1.279292990697584	0.03272727272727273	0.05818181818181818	0.14909090909090908
