auROC	log2(auPRC/prior)	log2(P@r10/prior)	log2(P@r20/prior)	log2(P@r50/prior)	R@r10	R@r20	R@r50
0.7224609039353839	1.8399047890707114	2.893891672525599	2.671499251189151	2.086536750467995	0.12727272727272726	0.21818181818181817	0.36363636363636365
