auROC	log2(auPRC/prior)	log2(P@r10/prior)	log2(P@r20/prior)	log2(P@r50/prior)	R@r10	R@r20	R@r50
0.887218045112782	3.832188016404968	4.339850002884624	3.3398500028846247	3.017921907997262	0.375	0.375	0.75
