auROC	log2(auPRC/prior)	log2(P@r10/prior)	log2(P@r20/prior)	log2(P@r50/prior)	R@r10	R@r20	R@r50
0.794689710244125	1.7025930388447295	2.6348513765135153	2.0942829951508126	1.9567794714008777	0.1111111111111111	0.1527777777777778	0.3472222222222222
