auROC	log2(auPRC/prior)	log2(P@r10/prior)	log2(P@r20/prior)	log2(P@r50/prior)	R@r10	R@r20	R@r50
0.7446574440052701	0.8047224977576432	1.2665276158718903	0.9669673340129825	1.1925270344281136	0.02909090909090909	0.04727272727272727	0.13818181818181818
