auROC	log2(auPRC/prior)	log2(P@r10/prior)	log2(P@r20/prior)	log2(P@r50/prior)	R@r10	R@r20	R@r50
0.7056451612903226	1.2492526800958939	-inf	1.6553518286125544	1.3334237337251917	0.0	0.125	0.25
