auROC	log2(auPRC/prior)	log2(P@r10/prior)	log2(P@r20/prior)	log2(P@r50/prior)	R@r10	R@r20	R@r50
0.8007078666242653	0.970829290416723	1.4623806239818975	1.3103775305368475	1.3103775305368475	0.03215434083601286	0.05787781350482315	0.14469453376205788
