auROC	log2(auPRC/prior)	log2(P@r10/prior)	log2(P@r20/prior)	log2(P@r50/prior)	R@r10	R@r20	R@r50
0.7643510054844608	1.8879875777275836	2.4776773275653072	2.4776773275653072	1.7407117333991007	0.1	0.2	0.3
