auROC	log2(auPRC/prior)	log2(P@r10/prior)	log2(P@r20/prior)	log2(P@r50/prior)	R@r10	R@r20	R@r50
0.570753857763668	0.18541149406887064	-0.40005131935499777	-0.40005131935499777	0.3654834270079792	0.012048192771084338	0.024096385542168676	0.10240963855421686
