auROC	log2(auPRC/prior)	log2(P@r10/prior)	log2(P@r20/prior)	log2(P@r50/prior)	R@r10	R@r20	R@r50
0.8123412520543851	1.6981129795690149	2.5511147302374835	2.136077230958639	1.4771141487937065	0.17391304347826086	0.2608695652173913	0.41304347826086957
