auROC	log2(auPRC/prior)	log2(P@r10/prior)	log2(P@r20/prior)	log2(P@r50/prior)	R@r10	R@r20	R@r50
0.8288073394495412	3.1257307256107576	3.4982508675278257	3.0832133682489813	2.4982508675278257	0.2	0.3	0.5
