auROC	log2(auPRC/prior)	log2(P@r10/prior)	log2(P@r20/prior)	log2(P@r50/prior)	R@r10	R@r20	R@r50
0.8555454545454546	3.2611912546470325	3.5109619192773796	3.3183168413349833	2.5109619192773796	0.2	0.35	0.5
