auROC	log2(auPRC/prior)	log2(P@r10/prior)	log2(P@r20/prior)	log2(P@r50/prior)	R@r10	R@r20	R@r50
0.8743169398907104	5.037300199795674	5.217230716220669	4.439623137557117	3.1176950426697547	0.6666666666666666	0.7777777777777778	0.7777777777777778
