auROC	log2(auPRC/prior)	log2(P@r10/prior)	log2(P@r20/prior)	log2(P@r50/prior)	R@r10	R@r20	R@r50
0.6754880054619371	0.36784071920275224	1.125659596456152	0.6110864236263934	0.48180340668142724	0.021413276231263382	0.029978586723768737	0.06852248394004283
