auROC	log2(auPRC/prior)	log2(P@r10/prior)	log2(P@r20/prior)	log2(P@r50/prior)	R@r10	R@r20	R@r50
0.7653820354899689	1.7717307669104194	2.252818009790657	2.252818009790657	2.1325237760729454	0.08064516129032258	0.16129032258064516	0.3709677419354839
