auROC	log2(auPRC/prior)	log2(P@r10/prior)	log2(P@r20/prior)	log2(P@r50/prior)	R@r10	R@r20	R@r50
0.9116356939561359	2.8493993096818406	3.120713865786083	3.2906388672283957	2.8431798902571743	0.14545454545454545	0.32727272727272727	0.6
