auROC	log2(auPRC/prior)	log2(P@r10/prior)	log2(P@r20/prior)	log2(P@r50/prior)	R@r10	R@r20	R@r50
0.7196352979485511	1.5741856605666258	2.7041786559192107	2.2346933726179907	1.9672130617530048	0.10843373493975904	0.1566265060240964	0.3253012048192771
