auROC	log2(auPRC/prior)	log2(P@r10/prior)	log2(P@r20/prior)	log2(P@r50/prior)	R@r10	R@r20	R@r50
0.7768935873605948	2.6901125459641815	3.417852514885898	3.533329732305834	2.5109619192773796	0.1875	0.40625	0.5
