auROC	log2(auPRC/prior)	log2(P@r10/prior)	log2(P@r20/prior)	log2(P@r50/prior)	R@r10	R@r20	R@r50
0.8298785318193821	2.329061585933609	2.6079643260827714	2.344929920248978	2.1605053491115505	0.10714285714285714	0.17857142857142858	0.39285714285714285
