auROC	log2(auPRC/prior)	log2(P@r10/prior)	log2(P@r20/prior)	log2(P@r50/prior)	R@r10	R@r20	R@r50
0.8093481989708405	1.9419223432714174	2.3835472131510285	2.5534722145933406	2.231544119705978	0.09090909090909091	0.20454545454545456	0.4090909090909091
