auROC	log2(auPRC/prior)	log2(P@r10/prior)	log2(P@r20/prior)	log2(P@r50/prior)	R@r10	R@r20	R@r50
0.9711286089238845	4.992466327314593	-inf	4.255500733148386	2.933572638261024	0.0	1.0	1.0
