auROC	log2(auPRC/prior)	log2(P@r10/prior)	log2(P@r20/prior)	log2(P@r50/prior)	R@r10	R@r20	R@r50
0.7589720194647203	2.0172062823807257	3.252980741169871	2.574908836057233	1.7384075683401128	0.16666666666666666	0.20833333333333334	0.2916666666666667
