auROC	log2(auPRC/prior)	log2(P@r10/prior)	log2(P@r20/prior)	log2(P@r50/prior)	R@r10	R@r20	R@r50
0.8821023561901403	2.6147882003303557	2.9789041645444923	2.8857947601530105	2.786259086602096	0.12903225806451613	0.24193548387096775	0.5645161290322581
