auROC	log2(auPRC/prior)	log2(P@r10/prior)	log2(P@r20/prior)	log2(P@r50/prior)	R@r10	R@r20	R@r50
0.8866666666666667	6.20231149076712	4.204245074626188	4.204245074626188	2.882316979738826	0.3333333333333333	0.6666666666666666	0.6666666666666666
