auROC	log2(auPRC/prior)	log2(P@r10/prior)	log2(P@r20/prior)	log2(P@r50/prior)	R@r10	R@r20	R@r50
0.6990789016336462	2.5122375498736313	3.759967419527822	3.2453942466980634	2.116111229753097	0.23809523809523808	0.3333333333333333	0.38095238095238093
