auROC	log2(auPRC/prior)	log2(P@r10/prior)	log2(P@r20/prior)	log2(P@r50/prior)	R@r10	R@r20	R@r50
0.8047770539817198	1.3246114376230114	1.8680192099867639	1.9460217219880367	1.7337181182751726	0.055900621118012424	0.11801242236024845	0.2546583850931677
