auROC	log2(auPRC/prior)	log2(P@r10/prior)	log2(P@r20/prior)	log2(P@r50/prior)	R@r10	R@r20	R@r50
0.7541179117911789	0.6730999796314847	1.0876308798086667	1.0051687196166939	0.9880952062577524	0.022277227722772276	0.04207920792079208	0.10396039603960396
