auROC	log2(auPRC/prior)	log2(P@r10/prior)	log2(P@r20/prior)	log2(P@r50/prior)	R@r10	R@r20	R@r50
0.7789163391353173	3.76318365244546	4.109489147580338	3.109489147580338	2.59491597475058	0.3076923076923077	0.3076923076923077	0.5384615384615384
