auROC	log2(auPRC/prior)	log2(P@r10/prior)	log2(P@r20/prior)	log2(P@r50/prior)	R@r10	R@r20	R@r50
0.7396957939721098	0.7090139195096621	-0.29373120305671013	0.7062687969432899	0.7766581248346878	0.013157894736842105	0.05263157894736842	0.13815789473684212
