auROC	log2(auPRC/prior)	log2(P@r10/prior)	log2(P@r20/prior)	log2(P@r50/prior)	R@r10	R@r20	R@r50
0.7474226804123711	1.3247620336465942	1.8730428251248457	1.8730428251248457	1.1360772309586393	0.10869565217391304	0.21739130434782608	0.32608695652173914
