auROC	log2(auPRC/prior)	log2(P@r10/prior)	log2(P@r20/prior)	log2(P@r50/prior)	R@r10	R@r20	R@r50
0.8679975579975581	1.6713565221000168	1.699551632523089	1.8921967104654853	1.9965333702802208	0.04666666666666667	0.10666666666666667	0.2866666666666667
