auROC	log2(auPRC/prior)	log2(P@r10/prior)	log2(P@r20/prior)	log2(P@r50/prior)	R@r10	R@r20	R@r50
0.7975970425138632	2.5436040469892265	2.940593899276726	2.35563139855557	2.2036283051105197	0.13636363636363635	0.18181818181818182	0.4090909090909091
