auROC	log2(auPRC/prior)	log2(P@r10/prior)	log2(P@r20/prior)	log2(P@r50/prior)	R@r10	R@r20	R@r50
0.6432339449541284	0.5853654162372262	-inf	-inf	0.4880007708340682	0.0	0.0	0.125
