auROC	log2(auPRC/prior)	log2(P@r10/prior)	log2(P@r20/prior)	log2(P@r50/prior)	R@r10	R@r20	R@r50
0.47443495730788554	-0.12016787666924322	-inf	-0.8792861342139168	-0.6162517283801231	0.0	0.01818181818181818	0.05454545454545454
