auROC	log2(auPRC/prior)	log2(P@r10/prior)	log2(P@r20/prior)	log2(P@r50/prior)	R@r10	R@r20	R@r50
0.6101515151515151	0.8915145642328683	1.7029037580925732	0.7029037580925733	0.38097566320521103	0.05555555555555555	0.05555555555555555	0.1111111111111111
