auROC	log2(auPRC/prior)	log2(P@r10/prior)	log2(P@r20/prior)	log2(P@r50/prior)	R@r10	R@r20	R@r50
0.4625073371160242	-0.14854409663655954	-0.3077607629607684	-0.3077607629607684	-1.0447263571269747	0.013157894736842105	0.02631578947368421	0.039473684210526314
