auROC	log2(auPRC/prior)	log2(P@r10/prior)	log2(P@r20/prior)	log2(P@r50/prior)	R@r10	R@r20	R@r50
0.7374988642214617	0.89373264544428	1.6611903434239794	1.1757635162537379	0.9913389451163105	0.051094890510948905	0.072992700729927	0.16058394160583941
