auROC	log2(auPRC/prior)	log2(P@r10/prior)	log2(P@r20/prior)	log2(P@r50/prior)	R@r10	R@r20	R@r50
0.8316269396896496	1.95517833936929	2.413501900367619	2.500964741617958	2.2614988069225683	0.0851063829787234	0.18085106382978725	0.3829787234042553
