auROC	log2(auPRC/prior)	log2(P@r10/prior)	log2(P@r20/prior)	log2(P@r50/prior)	R@r10	R@r20	R@r50
0.833634719710669	3.2213001203535447	3.4931349223055053	3.8150630171928674	2.7561693281392987	0.2	0.5	0.6
