auROC	log2(auPRC/prior)	log2(P@r10/prior)	log2(P@r20/prior)	log2(P@r50/prior)	R@r10	R@r20	R@r50
0.6635628329058987	0.5773415203577443	1.2493223334512935	0.6643598327301374	0.9273942385639312	0.032432432432432434	0.043243243243243246	0.12972972972972974
