auROC	log2(auPRC/prior)	log2(P@r10/prior)	log2(P@r20/prior)	log2(P@r50/prior)	R@r10	R@r20	R@r50
0.683214169645759	1.2287730053491053	2.4306001344021837	1.8456376336810278	1.2241492569347576	0.08823529411764706	0.11764705882352941	0.19117647058823528
