auROC	log2(auPRC/prior)	log2(P@r10/prior)	log2(P@r20/prior)	log2(P@r50/prior)	R@r10	R@r20	R@r50
0.661567964933108	0.8363156537914344	2.134248099184968	1.8346878173260601	1.0602475177411912	0.06611570247933884	0.10743801652892562	0.15702479338842976
