auROC	log2(auPRC/prior)	log2(P@r10/prior)	log2(P@r20/prior)	log2(P@r50/prior)	R@r10	R@r20	R@r50
0.6051200168444694	0.19350963092988296	-inf	-inf	-0.410605252963583	0.0	0.0	0.057692307692307696
