auROC	log2(auPRC/prior)	log2(P@r10/prior)	log2(P@r20/prior)	log2(P@r50/prior)	R@r10	R@r20	R@r50
0.7988300292492688	1.5932428944670414	2.1461568355093625	2.245692509060277	1.9237644141729147	0.06862745098039216	0.14705882352941177	0.29411764705882354
