auROC	log2(auPRC/prior)	log2(P@r10/prior)	log2(P@r20/prior)	log2(P@r50/prior)	R@r10	R@r20	R@r50
0.7146400256378103	0.72302836874764	1.4677789613508172	1.0527414620719735	0.5608883657422987	0.0425531914893617	0.06382978723404255	0.11347517730496454
