auROC	log2(auPRC/prior)	log2(P@r10/prior)	log2(P@r20/prior)	log2(P@r50/prior)	R@r10	R@r20	R@r50
0.7842657618559141	1.9323404193973828	2.3194168757313127	1.9043793764524688	1.5824512815651066	0.08695652173913043	0.13043478260869565	0.2608695652173913
