auROC	log2(auPRC/prior)	log2(P@r10/prior)	log2(P@r20/prior)	log2(P@r50/prior)	R@r10	R@r20	R@r50
0.5929116023861932	0.09665553855764032	0.04385428958942738	-0.47071888324033084	-0.5125390589349577	0.0102880658436214	0.01440329218106996	0.03497942386831276
