auROC	log2(auPRC/prior)	log2(P@r10/prior)	log2(P@r20/prior)	log2(P@r50/prior)	R@r10	R@r20	R@r50
0.7372913440027533	0.37109989564492823	0.5512641263259364	0.5512641263259364	0.5188426486335591	0.012080536912751677	0.024161073825503355	0.05906040268456376
