auROC	log2(auPRC/prior)	log2(P@r10/prior)	log2(P@r20/prior)	log2(P@r50/prior)	R@r10	R@r20	R@r50
0.8395124428643982	2.1475415884367006	2.42809365210429	2.5655971758542253	2.3077994183865784	0.09090909090909091	0.2	0.41818181818181815
