auROC	log2(auPRC/prior)	log2(P@r10/prior)	log2(P@r20/prior)	log2(P@r50/prior)	R@r10	R@r20	R@r50
0.6507849761526232	0.353154427101322	1.1539513652345716	1.0019482717895216	0.6800201769021592	0.02252252252252252	0.04054054054054054	0.08108108108108109
