auROC	log2(auPRC/prior)	log2(P@r10/prior)	log2(P@r20/prior)	log2(P@r50/prior)	R@r10	R@r20	R@r50
0.8224704653218677	2.086725360650321	2.936689142886833	2.673654737053039	2.0297985472783147	0.13043478260869565	0.21739130434782608	0.34782608695652173
