auROC	log2(auPRC/prior)	log2(P@r10/prior)	log2(P@r20/prior)	log2(P@r50/prior)	R@r10	R@r20	R@r50
0.8431611331880529	2.8374870528076097	3.5522583356484505	3.4267274535645917	2.732830581290272	0.20689655172413793	0.3793103448275862	0.5862068965517241
