auROC	log2(auPRC/prior)	log2(P@r10/prior)	log2(P@r20/prior)	log2(P@r50/prior)	R@r10	R@r20	R@r50
0.6346717174687952	0.2949990294837839	-inf	-1.3047529510792302	-0.6266810459665926	0.0	0.011976047904191617	0.04790419161676647
