auROC	log2(auPRC/prior)	log2(P@r10/prior)	log2(P@r20/prior)	log2(P@r50/prior)	R@r10	R@r20	R@r50
0.7965315934065934	2.5899895397893475	3.6603525096709206	3.022922589055629	2.1160319934471103	0.21875	0.28125	0.375
