auROC	log2(auPRC/prior)	log2(P@r10/prior)	log2(P@r20/prior)	log2(P@r50/prior)	R@r10	R@r20	R@r50
0.7774162679425837	1.9901531331143743	3.16739173469679	2.5824292339756343	1.5824292339756343	0.15789473684210525	0.21052631578947367	0.2631578947368421
