auROC	log2(auPRC/prior)	log2(P@r10/prior)	log2(P@r20/prior)	log2(P@r50/prior)	R@r10	R@r20	R@r50
0.9150871097941041	2.0515029867586065	2.3755091350922064	2.3755091350922064	2.0931094043914813	0.08108108108108109	0.16216216216216217	0.3333333333333333
