auROC	log2(auPRC/prior)	log2(P@r10/prior)	log2(P@r20/prior)	log2(P@r50/prior)	R@r10	R@r20	R@r50
0.9514824797843665	6.6170324016990145	4.221103725367875	3.221103725367876	2.899175630480513	0.5	0.5	1.0
