auROC	log2(auPRC/prior)	log2(P@r10/prior)	log2(P@r20/prior)	log2(P@r50/prior)	R@r10	R@r20	R@r50
0.7791029297381385	4.503507238372301	4.820178962415188	4.182749041799896	2.8608209469125336	0.5	0.6428571428571429	0.6428571428571429
