auROC	log2(auPRC/prior)	log2(P@r10/prior)	log2(P@r20/prior)	log2(P@r50/prior)	R@r10	R@r20	R@r50
0.6470588235294117	0.6115921496822638	0.4702670199992362	0.4702670199992362	0.7333014258330297	0.024390243902439025	0.04878048780487805	0.14634146341463414
