auROC	log2(auPRC/prior)	log2(P@r10/prior)	log2(P@r20/prior)	log2(P@r50/prior)	R@r10	R@r20	R@r50
0.7775510204081633	1.835396737614648	2.4828482830684657	2.4828482830684657	1.9682751102387075	0.1	0.2	0.35
