auROC	log2(auPRC/prior)	log2(P@r10/prior)	log2(P@r20/prior)	log2(P@r50/prior)	R@r10	R@r20	R@r50
0.7202380952380952	2.97304248632751	3.727920454563199	3.142957953842043	2.142957953842043	0.25	0.3333333333333333	0.4166666666666667
