auROC	log2(auPRC/prior)	log2(P@r10/prior)	log2(P@r20/prior)	log2(P@r50/prior)	R@r10	R@r20	R@r50
0.8153419593345657	2.7752114600794044	4.047014819517589	3.047014819517589	1.7250867246302266	0.3	0.3	0.3
