auROC	log2(auPRC/prior)	log2(P@r10/prior)	log2(P@r20/prior)	log2(P@r50/prior)	R@r10	R@r20	R@r50
0.7941028225806452	2.4461239256737866	3.655351828612554	3.24031432933371	1.918386234446348	0.25	0.375	0.375
