auROC	log2(auPRC/prior)	log2(P@r10/prior)	log2(P@r20/prior)	log2(P@r50/prior)	R@r10	R@r20	R@r50
0.4143058582233047	-0.03099248156560547	0.9672958349272945	-0.03270416507270545	-0.3546322599600678	0.034482758620689655	0.034482758620689655	0.06896551724137931
