auROC	log2(auPRC/prior)	log2(P@r10/prior)	log2(P@r20/prior)	log2(P@r50/prior)	R@r10	R@r20	R@r50
0.596632007233273	0.8216058540901824	1.8303567474192197	0.8303567474192197	1.0933911532530134	0.0625	0.0625	0.1875
