auROC	log2(auPRC/prior)	log2(P@r10/prior)	log2(P@r20/prior)	log2(P@r50/prior)	R@r10	R@r20	R@r50
0.8927441229656419	3.3529253993667147	2.83035674741922	3.83035674741922	3.0933911532530134	0.125	0.5	0.75
