auROC	log2(auPRC/prior)	log2(P@r10/prior)	log2(P@r20/prior)	log2(P@r50/prior)	R@r10	R@r20	R@r50
0.7817604355716878	1.4710094189900624	1.513490745588118	1.513490745588118	1.513490745588118	0.05	0.1	0.25
