auROC	log2(auPRC/prior)	log2(P@r10/prior)	log2(P@r20/prior)	log2(P@r50/prior)	R@r10	R@r20	R@r50
0.6392807218197991	0.426171447401202	-0.08023792380476596	-0.08023792380476596	-0.08023792380476596	0.01639344262295082	0.03278688524590164	0.08196721311475409
