auROC	log2(auPRC/prior)	log2(P@r10/prior)	log2(P@r20/prior)	log2(P@r50/prior)	R@r10	R@r20	R@r50
0.7698354661791591	1.352692481825914	-inf	-inf	1.7407117333991007	0.0	0.0	0.3
