auROC	log2(auPRC/prior)	log2(P@r10/prior)	log2(P@r20/prior)	log2(P@r50/prior)	R@r10	R@r20	R@r50
0.7823258335592301	1.8992016572256392	2.0923041043198385	2.4708157275735685	2.2033354167085824	0.07142857142857142	0.18571428571428572	0.38571428571428573
