auROC	log2(auPRC/prior)	log2(P@r10/prior)	log2(P@r20/prior)	log2(P@r50/prior)	R@r10	R@r20	R@r50
0.6311436672967864	1.4618844878954915	2.5467230064391146	2.5467230064391146	1.7393680843815107	0.09722222222222222	0.19444444444444445	0.2777777777777778
