auROC	log2(auPRC/prior)	log2(P@r10/prior)	log2(P@r20/prior)	log2(P@r50/prior)	R@r10	R@r20	R@r50
0.5856735856735856	0.4269283858276825	-inf	-inf	0.3025627700204313	0.0	0.0	0.1111111111111111
