auROC	log2(auPRC/prior)	log2(P@r10/prior)	log2(P@r20/prior)	log2(P@r50/prior)	R@r10	R@r20	R@r50
0.7007454882779557	0.5147525140187104	0.828631581688019	0.7031006996041601	0.6221807042205927	0.02181818181818182	0.04	0.09454545454545454
