auROC	log2(auPRC/prior)	log2(P@r10/prior)	log2(P@r20/prior)	log2(P@r50/prior)	R@r10	R@r20	R@r50
0.6731547934192207	0.35399549251380025	0.7646458399633899	0.7646458399633899	0.7057521509098212	0.013089005235602094	0.02617801047120419	0.06282722513089005
