auROC	log2(auPRC/prior)	log2(P@r10/prior)	log2(P@r20/prior)	log2(P@r50/prior)	R@r10	R@r20	R@r50
0.6896774193548387	0.6542088316069236	-inf	0.05935527761642124	-0.2625728172709412	0.0	0.04	0.08
