auROC	log2(auPRC/prior)	log2(P@r10/prior)	log2(P@r20/prior)	log2(P@r50/prior)	R@r10	R@r20	R@r50
0.6773739081431389	1.9372414835048894	3.1043366598147357	2.1043366598147357	1.3673710656485294	0.15384615384615385	0.15384615384615385	0.23076923076923078
