auROC	log2(auPRC/prior)	log2(P@r10/prior)	log2(P@r20/prior)	log2(P@r50/prior)	R@r10	R@r20	R@r50
0.7949710591595882	0.7913576812717223	0.4272001379874212	0.8057117612411511	0.9126269651576627	0.0199203187250996	0.05179282868525897	0.1394422310756972
