auROC	log2(auPRC/prior)	log2(P@r10/prior)	log2(P@r20/prior)	log2(P@r50/prior)	R@r10	R@r20	R@r50
0.8791133678351724	3.634702100871714	4.554265703498239	3.724190704940552	2.6917692272481744	0.42105263157894735	0.47368421052631576	0.5789473684210527
