auROC	log2(auPRC/prior)	log2(P@r10/prior)	log2(P@r20/prior)	log2(P@r50/prior)	R@r10	R@r20	R@r50
0.8696620117385144	4.949075196398133	4.632268215499513	4.217230716220669	3.1176950426697547	0.4444444444444444	0.6666666666666666	0.7777777777777778
