auROC	log2(auPRC/prior)	log2(P@r10/prior)	log2(P@r20/prior)	log2(P@r50/prior)	R@r10	R@r20	R@r50
0.7407398638650488	1.09340859856046	1.853158611670729	1.7600492072792475	1.7011555182256788	0.05161290322580645	0.0967741935483871	0.23225806451612904
