auROC	log2(auPRC/prior)	log2(P@r10/prior)	log2(P@r20/prior)	log2(P@r50/prior)	R@r10	R@r20	R@r50
0.8040072859744991	3.514347665128311	3.8303567474192195	3.8303567474192195	2.645932176281792	0.25	0.5	0.55
