auROC	log2(auPRC/prior)	log2(P@r10/prior)	log2(P@r20/prior)	log2(P@r50/prior)	R@r10	R@r20	R@r50
0.5497720364741642	0.0798641263121698	0.9984644010887745	0.4135019003676187	-0.3234636937985878	0.031914893617021274	0.0425531914893617	0.06382978723404255
