auROC	log2(auPRC/prior)	log2(P@r10/prior)	log2(P@r20/prior)	log2(P@r50/prior)	R@r10	R@r20	R@r50
0.8204680468046804	0.8557609811237494	1.2396339732537167	1.2396339732537167	1.0876308798086667	0.024752475247524754	0.04950495049504951	0.11138613861386139
