auROC	log2(auPRC/prior)	log2(P@r10/prior)	log2(P@r20/prior)	log2(P@r50/prior)	R@r10	R@r20	R@r50
0.9798534798534798	5.5104345220714	-inf	4.773468927905194	3.4515408330178317	0.0	1.0	1.0
