auROC	log2(auPRC/prior)	log2(P@r10/prior)	log2(P@r20/prior)	log2(P@r50/prior)	R@r10	R@r20	R@r50
0.8999060150375939	4.381284561002728	4.339850002884624	3.3398500028846247	2.7548875021634687	0.375	0.375	0.625
