auROC	log2(auPRC/prior)	log2(P@r10/prior)	log2(P@r20/prior)	log2(P@r50/prior)	R@r10	R@r20	R@r50
0.8578669910786699	4.005308507870661	3.6296804210103573	3.2146429217315133	2.6296804210103573	0.2222222222222222	0.3333333333333333	0.5555555555555556
