auROC	log2(auPRC/prior)	log2(P@r10/prior)	log2(P@r20/prior)	log2(P@r50/prior)	R@r10	R@r20	R@r50
0.7624929814710837	2.692274497986137	3.694451648301494	3.4314172424677007	2.59491597475058	0.23076923076923078	0.38461538461538464	0.5384615384615384
