auROC	log2(auPRC/prior)	log2(P@r10/prior)	log2(P@r20/prior)	log2(P@r50/prior)	R@r10	R@r20	R@r50
0.8442745554262923	2.177139308917183	2.342761598304528	2.342761598304528	2.342761598304528	0.09090909090909091	0.18181818181818182	0.45454545454545453
