auROC	log2(auPRC/prior)	log2(P@r10/prior)	log2(P@r20/prior)	log2(P@r50/prior)	R@r10	R@r20	R@r50
0.714914930031209	1.109671729345106	1.9451017538511022	1.62317365896374	1.3887084053267171	0.06493506493506493	0.1038961038961039	0.22077922077922077
