auROC	log2(auPRC/prior)	log2(P@r10/prior)	log2(P@r20/prior)	log2(P@r50/prior)	R@r10	R@r20	R@r50
0.5523758099352052	0.11177301112235606	-inf	-inf	-0.5657587667480637	0.0	0.0	0.06
