auROC	log2(auPRC/prior)	log2(P@r10/prior)	log2(P@r20/prior)	log2(P@r50/prior)	R@r10	R@r20	R@r50
0.8505193979224084	1.85543754072385	2.061096574081661	2.383024668969023	2.1084022888600176	0.06741573033707865	0.16853932584269662	0.34831460674157305
