auROC	log2(auPRC/prior)	log2(P@r10/prior)	log2(P@r20/prior)	log2(P@r50/prior)	R@r10	R@r20	R@r50
0.672453531598513	1.0185877248539044	1.9365908298239383	2.1589832511603864	1.5532621902724328	0.06	0.14	0.23
