auROC	log2(auPRC/prior)	log2(P@r10/prior)	log2(P@r20/prior)	log2(P@r50/prior)	R@r10	R@r20	R@r50
0.7774052408807723	1.6408321574149833	2.4192252962422773	2.326115891850796	1.955278196482487	0.09302325581395349	0.1744186046511628	0.3372093023255814
