auROC	log2(auPRC/prior)	log2(P@r10/prior)	log2(P@r20/prior)	log2(P@r50/prior)	R@r10	R@r20	R@r50
0.8577264356269881	2.6680852714192484	3.2906388672283957	3.120713865786083	2.705676366507239	0.16363636363636364	0.2909090909090909	0.5454545454545454
