auROC	log2(auPRC/prior)	log2(P@r10/prior)	log2(P@r20/prior)	log2(P@r50/prior)	R@r10	R@r20	R@r50
0.6115766738660907	0.36945249306583444	-inf	-0.24383067186070145	0.5497184506718724	0.0	0.03	0.13
