auROC	log2(auPRC/prior)	log2(P@r10/prior)	log2(P@r20/prior)	log2(P@r50/prior)	R@r10	R@r20	R@r50
0.6513740969687942	0.7854115766220673	1.7626054153243054	1.3475679160454617	1.0256398211580993	0.06896551724137931	0.10344827586206896	0.20689655172413793
