auROC	log2(auPRC/prior)	log2(P@r10/prior)	log2(P@r20/prior)	log2(P@r50/prior)	R@r10	R@r20	R@r50
0.770164100258514	0.3366961631826075	0.5394876174586687	0.46548703601489166	0.5103412717991521	0.009216589861751152	0.017511520737327188	0.04516129032258064
