auROC	log2(auPRC/prior)	log2(P@r10/prior)	log2(P@r20/prior)	log2(P@r50/prior)	R@r10	R@r20	R@r50
0.6562704847334828	0.8072016450285797	1.0815875344962622	1.4035156293836242	1.0815875344962622	0.03636363636363636	0.09090909090909091	0.18181818181818182
