auROC	log2(auPRC/prior)	log2(P@r10/prior)	log2(P@r20/prior)	log2(P@r50/prior)	R@r10	R@r20	R@r50
0.7938341695273303	2.289468571088984	3.344929920248978	2.8303567474192195	2.0230018253616158	0.17857142857142858	0.25	0.35714285714285715
