auROC	log2(auPRC/prior)	log2(P@r10/prior)	log2(P@r20/prior)	log2(P@r50/prior)	R@r10	R@r20	R@r50
0.8285907859078592	1.1586683138646574	1.5200450240398178	1.4375828638478447	1.4544566824122411	0.04	0.07555555555555556	0.19111111111111112
