auROC	log2(auPRC/prior)	log2(P@r10/prior)	log2(P@r20/prior)	log2(P@r50/prior)	R@r10	R@r20	R@r50
0.6583231583231584	1.4451170223913261	2.6244908649077936	1.6244908649077936	0.3025627700204313	0.1111111111111111	0.1111111111111111	0.1111111111111111
