auROC	log2(auPRC/prior)	log2(P@r10/prior)	log2(P@r20/prior)	log2(P@r50/prior)	R@r10	R@r20	R@r50
0.5730046141763204	0.15636774893074393	-inf	-inf	0.1232749081434912	0.0	0.0	0.08522727272727272
