auROC	log2(auPRC/prior)	log2(P@r10/prior)	log2(P@r20/prior)	log2(P@r50/prior)	R@r10	R@r20	R@r50
0.6723056580826722	0.11954182075672425	0.22582332673672145	0.22582332673672145	0.1934018490443438	0.009259259259259259	0.018518518518518517	0.04526748971193416
