auROC	log2(auPRC/prior)	log2(P@r10/prior)	log2(P@r20/prior)	log2(P@r50/prior)	R@r10	R@r20	R@r50
0.6798844537815126	0.7334280943423998	-inf	-inf	0.6729101999968587	0.0	0.0	0.14285714285714285
