auROC	log2(auPRC/prior)	log2(P@r10/prior)	log2(P@r20/prior)	log2(P@r50/prior)	R@r10	R@r20	R@r50
0.8883177570093458	2.393171263409184	2.3996593981199283	2.6626938039537222	2.5631581304028077	0.08928571428571429	0.21428571428571427	0.5
