auROC	log2(auPRC/prior)	log2(P@r10/prior)	log2(P@r20/prior)	log2(P@r50/prior)	R@r10	R@r20	R@r50
0.8283938814531548	1.8279406843594133	2.0780974230266613	2.0780974230266613	1.9785617494757468	0.075	0.15	0.35
