auROC	log2(auPRC/prior)	log2(P@r10/prior)	log2(P@r20/prior)	log2(P@r50/prior)	R@r10	R@r20	R@r50
0.8503041891187206	1.9695029534310944	2.393565968976019	2.071637874088657	2.2091413978385916	0.09090909090909091	0.14545454545454545	0.4
