auROC	log2(auPRC/prior)	log2(P@r10/prior)	log2(P@r20/prior)	log2(P@r50/prior)	R@r10	R@r20	R@r50
0.4834927491514964	-0.0020007979183202912	-inf	-inf	-0.5533656558268174	0.0	0.0	0.07142857142857142
