auROC	log2(auPRC/prior)	log2(P@r10/prior)	log2(P@r20/prior)	log2(P@r50/prior)	R@r10	R@r20	R@r50
0.7421452351227632	1.1736411394741681	1.5715419849588346	1.7090455087087697	1.6281255133252022	0.046296296296296294	0.10185185185185185	0.24074074074074073
