auROC	log2(auPRC/prior)	log2(P@r10/prior)	log2(P@r20/prior)	log2(P@r50/prior)	R@r10	R@r20	R@r50
0.7288755281117971	0.5152244590967845	1.0981205728578702	0.8636553192208474	0.7021918965267313	0.02100840336134454	0.03571428571428571	0.07983193277310924
