auROC	log2(auPRC/prior)	log2(P@r10/prior)	log2(P@r20/prior)	log2(P@r50/prior)	R@r10	R@r20	R@r50
0.8436131386861314	4.090013311786339	4.67581593117227	3.9653225483672547	2.8844025529836874	0.45	0.55	0.65
