auROC	log2(auPRC/prior)	log2(P@r10/prior)	log2(P@r20/prior)	log2(P@r50/prior)	R@r10	R@r20	R@r50
0.6463709677419356	1.1488175206254807	2.0593552776164215	2.0593552776164215	1.544782104786663	0.08	0.16	0.28
