auROC	log2(auPRC/prior)	log2(P@r10/prior)	log2(P@r20/prior)	log2(P@r50/prior)	R@r10	R@r20	R@r50
0.7243448565984509	0.8155958102125279	1.5273750091682126	1.3049825878317645	1.1529794943867147	0.043478260869565216	0.07453416149068323	0.16770186335403728
