auROC	log2(auPRC/prior)	log2(P@r10/prior)	log2(P@r20/prior)	log2(P@r50/prior)	R@r10	R@r20	R@r50
0.8277193449607243	1.7876171010178763	2.2832746634834704	2.382810337034385	1.9613465685961082	0.08045977011494253	0.1724137931034483	0.3218390804597701
