auROC	log2(auPRC/prior)	log2(P@r10/prior)	log2(P@r20/prior)	log2(P@r50/prior)	R@r10	R@r20	R@r50
0.7990968283973955	2.325192220272924	2.972182055860238	2.4576088830304794	2.328325866085513	0.1388888888888889	0.19444444444444445	0.4444444444444444
