auROC	log2(auPRC/prior)	log2(P@r10/prior)	log2(P@r20/prior)	log2(P@r50/prior)	R@r10	R@r20	R@r50
0.6653355751716407	1.2684496275625536	2.145050332803283	2.145050332803283	1.408084738637077	0.07692307692307693	0.15384615384615385	0.23076923076923078
