auROC	log2(auPRC/prior)	log2(P@r10/prior)	log2(P@r20/prior)	log2(P@r50/prior)	R@r10	R@r20	R@r50
0.8568146008403361	2.8373732106354885	3.030588319833423	3.030588319833423	2.956587738389646	0.14285714285714285	0.2857142857142857	0.6785714285714286
