auROC	log2(auPRC/prior)	log2(P@r10/prior)	log2(P@r20/prior)	log2(P@r50/prior)	R@r10	R@r20	R@r50
0.8450816696914701	3.8436691753699574	4.204140716780225	3.904580434921318	3.052137623335175	0.32	0.52	0.72
