auROC	log2(auPRC/prior)	log2(P@r10/prior)	log2(P@r20/prior)	log2(P@r50/prior)	R@r10	R@r20	R@r50
0.7467449201025844	2.279877688977572	3.2458738546756107	2.8308363553967673	2.0394229772081847	0.16216216216216217	0.24324324324324326	0.35135135135135137
