auROC	log2(auPRC/prior)	log2(P@r10/prior)	log2(P@r20/prior)	log2(P@r50/prior)	R@r10	R@r20	R@r50
0.7881857451403886	1.4259227409473931	2.341131828860455	1.7561693281392985	1.6566336545883842	0.09	0.12	0.28
