auROC	log2(auPRC/prior)	log2(P@r10/prior)	log2(P@r20/prior)	log2(P@r50/prior)	R@r10	R@r20	R@r50
0.7362732998473249	0.3236264491464709	0.11105827134455822	0.39116619053729357	0.4736283507292666	0.007063572149344097	0.017154389505549948	0.045408678102926335
