auROC	log2(auPRC/prior)	log2(P@r10/prior)	log2(P@r20/prior)	log2(P@r50/prior)	R@r10	R@r20	R@r50
0.800147389107243	1.5346950557749592	2.3263603412026232	2.133715263260227	1.811787168372865	0.07692307692307693	0.1346153846153846	0.2692307692307692
