auROC	log2(auPRC/prior)	log2(P@r10/prior)	log2(P@r20/prior)	log2(P@r50/prior)	R@r10	R@r20	R@r50
0.9719710669077758	5.221837090084782	4.794415866350106	3.7944158663501057	3.4724877714627436	0.5	0.5	1.0
