auROC	log2(auPRC/prior)	log2(P@r10/prior)	log2(P@r20/prior)	log2(P@r50/prior)	R@r10	R@r20	R@r50
0.835280176062299	2.219157279971426	3.106165557216928	2.80660527535802	2.42809365210429	0.14545454545454545	0.23636363636363636	0.45454545454545453
