auROC	log2(auPRC/prior)	log2(P@r10/prior)	log2(P@r20/prior)	log2(P@r50/prior)	R@r10	R@r20	R@r50
0.5206481591802693	0.11870884965047986	0.8604340097931729	-0.13956599020682708	-0.46149408509418965	0.025974025974025976	0.025974025974025976	0.05194805194805195
