auROC	log2(auPRC/prior)	log2(P@r10/prior)	log2(P@r20/prior)	log2(P@r50/prior)	R@r10	R@r20	R@r50
0.8151252640303737	1.040323488339552	1.073908098028194	1.1734437715791084	1.3021770857013113	0.02564102564102564	0.054945054945054944	0.15018315018315018
