auROC	log2(auPRC/prior)	log2(P@r10/prior)	log2(P@r20/prior)	log2(P@r50/prior)	R@r10	R@r20	R@r50
0.5530662449481637	0.14847284447735803	-inf	-inf	0.10081749952674468	0.0	0.0	0.09523809523809523
