auROC	log2(auPRC/prior)	log2(P@r10/prior)	log2(P@r20/prior)	log2(P@r50/prior)	R@r10	R@r20	R@r50
0.892756292203806	3.0233985275351585	3.51853513898218	3.2555007331483865	2.6116445433736617	0.2	0.3333333333333333	0.5333333333333333
