auROC	log2(auPRC/prior)	log2(P@r10/prior)	log2(P@r20/prior)	log2(P@r50/prior)	R@r10	R@r20	R@r50
0.8680211296221049	2.1748776323932137	2.3369043024601535	2.506829303902466	2.262903721016377	0.08695652173913043	0.1956521739130435	0.41304347826086957
