auROC	log2(auPRC/prior)	log2(P@r10/prior)	log2(P@r20/prior)	log2(P@r50/prior)	R@r10	R@r20	R@r50
0.8048148043188711	1.4178949832117327	1.4329594072761063	1.7548875021634684	1.8479969065549502	0.04225352112676056	0.1056338028169014	0.28169014084507044
