auROC	log2(auPRC/prior)	log2(P@r10/prior)	log2(P@r20/prior)	log2(P@r50/prior)	R@r10	R@r20	R@r50
0.7440560923160796	0.9860004260278311	1.4387979220875318	1.4387979220875318	1.3898883216065852	0.043795620437956206	0.08759124087591241	0.2116788321167883
