auROC	log2(auPRC/prior)	log2(P@r10/prior)	log2(P@r20/prior)	log2(P@r50/prior)	R@r10	R@r20	R@r50
0.7412451036191369	0.24413520632681696	0.282601774681293	0.282601774681293	0.3143106344086313	0.0063025210084033615	0.012605042016806723	0.03221288515406162
