auROC	log2(auPRC/prior)	log2(P@r10/prior)	log2(P@r20/prior)	log2(P@r50/prior)	R@r10	R@r20	R@r50
0.8467693624304664	1.6736237871094715	2.1127879119493462	2.0058727080328342	1.937701205391255	0.07368421052631578	0.1368421052631579	0.3263157894736842
