auROC	log2(auPRC/prior)	log2(P@r10/prior)	log2(P@r20/prior)	log2(P@r50/prior)	R@r10	R@r20	R@r50
0.6670465646369261	1.3572278025190874	2.5342536544768985	2.3416085765345023	1.6046429823682962	0.0963855421686747	0.1686746987951807	0.25301204819277107
