auROC	log2(auPRC/prior)	log2(P@r10/prior)	log2(P@r20/prior)	log2(P@r50/prior)	R@r10	R@r20	R@r50
0.6962333658591773	0.14645953442618925	0.22582332673672145	0.22582332673672145	0.22582332673672145	0.009259259259259259	0.018518518518518517	0.046296296296296294
