auROC	log2(auPRC/prior)	log2(P@r10/prior)	log2(P@r20/prior)	log2(P@r50/prior)	R@r10	R@r20	R@r50
0.7846899101281153	1.5184089473372033	0.9749090190371696	1.9749090190371696	1.6529809241498072	0.034482758620689655	0.13793103448275862	0.27586206896551724
