auROC	log2(auPRC/prior)	log2(P@r10/prior)	log2(P@r20/prior)	log2(P@r50/prior)	R@r10	R@r20	R@r50
0.7481252231877158	1.8233053716791203	2.8862669234826677	2.6936218455402714	1.8862669234826674	0.12903225806451613	0.22580645161290322	0.3225806451612903
