auROC	log2(auPRC/prior)	log2(P@r10/prior)	log2(P@r20/prior)	log2(P@r50/prior)	R@r10	R@r20	R@r50
0.9092840797646289	3.7525676312497085	4.078208832350697	3.855816411014249	3.0363886566560705	0.30434782608695654	0.5217391304347826	0.7391304347826086
