auROC	log2(auPRC/prior)	log2(P@r10/prior)	log2(P@r20/prior)	log2(P@r50/prior)	R@r10	R@r20	R@r50
0.6647058823529411	0.45360766792803614	-inf	-0.5405683813627025	-0.862496476250065	0.0	0.025	0.05
