auROC	log2(auPRC/prior)	log2(P@r10/prior)	log2(P@r20/prior)	log2(P@r50/prior)	R@r10	R@r20	R@r50
0.7405760673651008	0.5192687521678789	0.8615945099556725	0.7791323497636995	0.7960061683280957	0.017045454545454544	0.032196969696969696	0.08143939393939394
