auROC	log2(auPRC/prior)	log2(P@r10/prior)	log2(P@r20/prior)	log2(P@r50/prior)	R@r10	R@r20	R@r50
0.8151319483436272	1.6106788861080272	2.3263603412026232	2.3263603412026232	2.004432246315261	0.07692307692307693	0.15384615384615385	0.3076923076923077
