auROC	log2(auPRC/prior)	log2(P@r10/prior)	log2(P@r20/prior)	log2(P@r50/prior)	R@r10	R@r20	R@r50
0.823765996343693	2.156034545628068	2.4776773275653072	2.4776773275653072	2.1557492326779446	0.1	0.2	0.4
