auROC	log2(auPRC/prior)	log2(P@r10/prior)	log2(P@r20/prior)	log2(P@r50/prior)	R@r10	R@r20	R@r50
0.6291168873103004	0.22153038412251344	0.8607252113978722	0.7087221179528224	0.4647965350667332	0.015337423312883436	0.027607361963190184	0.05828220858895705
