auROC	log2(auPRC/prior)	log2(P@r10/prior)	log2(P@r20/prior)	log2(P@r50/prior)	R@r10	R@r20	R@r50
0.589790897908979	0.4404810260973521	1.0302825669360427	1.0302825669360427	0.6152450676571988	0.030303030303030304	0.06060606060606061	0.11363636363636363
