auROC	log2(auPRC/prior)	log2(P@r10/prior)	log2(P@r20/prior)	log2(P@r50/prior)	R@r10	R@r20	R@r50
0.8806502596522917	2.1789975308575587	2.6529533325640373	2.5704911723720647	2.409027749677948	0.10465116279069768	0.19767441860465115	0.4418604651162791
