auROC	log2(auPRC/prior)	log2(P@r10/prior)	log2(P@r20/prior)	log2(P@r50/prior)	R@r10	R@r20	R@r50
0.7378793064111339	0.5430317320344542	0.7671054542382036	0.9370304556805159	0.8374947821296014	0.018518518518518517	0.041666666666666664	0.09722222222222222
