auROC	log2(auPRC/prior)	log2(P@r10/prior)	log2(P@r20/prior)	log2(P@r50/prior)	R@r10	R@r20	R@r50
0.8045598313125989	3.1444383070079227	4.025535092107138	3.3474631869945	2.1630386158570727	0.2857142857142857	0.35714285714285715	0.39285714285714285
