auROC	log2(auPRC/prior)	log2(P@r10/prior)	log2(P@r20/prior)	log2(P@r50/prior)	R@r10	R@r20	R@r50
0.6841009627894874	1.0084065271218952	-inf	1.007708095135263	1.270742500969057	0.0	0.07142857142857142	0.21428571428571427
