auROC	log2(auPRC/prior)	log2(P@r10/prior)	log2(P@r20/prior)	log2(P@r50/prior)	R@r10	R@r20	R@r50
0.6982224156794467	0.7440181214245531	1.865172050363082	1.395686767061862	0.6212464674769929	0.05389221556886228	0.07784431137724551	0.11377245508982035
