auROC	log2(auPRC/prior)	log2(P@r10/prior)	log2(P@r20/prior)	log2(P@r50/prior)	R@r10	R@r20	R@r50
0.6966917293233081	0.5479072856810022	1.2500193407987636	1.0980162473537138	0.9637151556421226	0.02506265664160401	0.045112781954887216	0.10275689223057644
