auROC	log2(auPRC/prior)	log2(P@r10/prior)	log2(P@r20/prior)	log2(P@r50/prior)	R@r10	R@r20	R@r50
0.6579824712149854	0.48994693819688956	0.08653675046799521	-0.9134632495320048	0.08653675046799521	0.01818181818181818	0.01818181818181818	0.09090909090909091
