auROC	log2(auPRC/prior)	log2(P@r10/prior)	log2(P@r20/prior)	log2(P@r50/prior)	R@r10	R@r20	R@r50
0.7345494177708942	0.37086628047778497	0.3813391248836242	0.46880196613396335	0.5829729860532746	0.010738255033557046	0.022818791946308724	0.06174496644295302
