auROC	log2(auPRC/prior)	log2(P@r10/prior)	log2(P@r20/prior)	log2(P@r50/prior)	R@r10	R@r20	R@r50
0.6927799607072691	0.7938223653425373	1.9188632372745944	1.3339007365534385	0.18189764310838827	0.0625	0.08333333333333333	0.09375
