auROC	log2(auPRC/prior)	log2(P@r10/prior)	log2(P@r20/prior)	log2(P@r50/prior)	R@r10	R@r20	R@r50
0.6606647357867661	0.41453821601708146	-inf	-1.6786669536015388	-0.6786669536015388	0.0	0.010309278350515464	0.05154639175257732
