auROC	log2(auPRC/prior)	log2(P@r10/prior)	log2(P@r20/prior)	log2(P@r50/prior)	R@r10	R@r20	R@r50
0.7463828894946529	1.1334514353771965	1.6050700741697312	1.6050700741697312	1.3706048205327084	0.05263157894736842	0.10526315789473684	0.2236842105263158
