auROC	log2(auPRC/prior)	log2(P@r10/prior)	log2(P@r20/prior)	log2(P@r50/prior)	R@r10	R@r20	R@r50
0.6737423554941804	0.6737712350020226	1.4717147547877414	1.3647995508712294	1.0428714559838672	0.03783783783783784	0.07027027027027027	0.14054054054054055
