auROC	log2(auPRC/prior)	log2(P@r10/prior)	log2(P@r20/prior)	log2(P@r50/prior)	R@r10	R@r20	R@r50
0.7605539772727272	1.3474271698281095	2.0832133682489817	1.9901039638575	1.7612852733616193	0.0625	0.1171875	0.25
