auROC	log2(auPRC/prior)	log2(P@r10/prior)	log2(P@r20/prior)	log2(P@r50/prior)	R@r10	R@r20	R@r50
0.7713768115942028	2.0337440416204418	2.957295549045762	1.9572955490457618	1.6353674541583993	0.16666666666666666	0.16666666666666666	0.3333333333333333
