auROC	log2(auPRC/prior)	log2(P@r10/prior)	log2(P@r20/prior)	log2(P@r50/prior)	R@r10	R@r20	R@r50
0.8676297169811321	2.804265232871195	3.134426320220926	3.134426320220926	2.738497643889787	0.15625	0.3125	0.59375
