auROC	log2(auPRC/prior)	log2(P@r10/prior)	log2(P@r20/prior)	log2(P@r50/prior)	R@r10	R@r20	R@r50
0.7126841258333186	0.26081062661432053	0.432134302855052	0.432134302855052	0.3997128251626744	0.015437392795883362	0.030874785591766724	0.07547169811320754
