auROC	log2(auPRC/prior)	log2(P@r10/prior)	log2(P@r20/prior)	log2(P@r50/prior)	R@r10	R@r20	R@r50
0.6953452231821919	0.22712954508334476	0.44300607072418624	0.36054391053221313	0.30870497901259497	0.009433962264150943	0.01781970649895178	0.0429769392033543
