auROC	log2(auPRC/prior)	log2(P@r10/prior)	log2(P@r20/prior)	log2(P@r50/prior)	R@r10	R@r20	R@r50
0.6889120734676074	0.2112415292638715	0.2622093014127397	0.34967214266307894	0.3325986293041374	0.0137221269296741	0.029159519725557463	0.07204116638078903
