auROC	log2(auPRC/prior)	log2(P@r10/prior)	log2(P@r20/prior)	log2(P@r50/prior)	R@r10	R@r20	R@r50
0.7486549533452452	0.51850697328623	0.7138564802526112	0.7138564802526112	0.7138564802526112	0.0182648401826484	0.0365296803652968	0.091324200913242
