auROC	log2(auPRC/prior)	log2(P@r10/prior)	log2(P@r20/prior)	log2(P@r50/prior)	R@r10	R@r20	R@r50
0.8790082777465242	2.800124016407818	3.5216516436079894	3.3517266421656773	2.5533605033353277	0.1956521739130435	0.34782608695652173	0.5
