auROC	log2(auPRC/prior)	log2(P@r10/prior)	log2(P@r20/prior)	log2(P@r50/prior)	R@r10	R@r20	R@r50
0.7019951022760011	0.7488045962551388	1.1723890413937934	0.7573515421149495	0.850460946506431	0.038461538461538464	0.057692307692307696	0.15384615384615385
