auROC	log2(auPRC/prior)	log2(P@r10/prior)	log2(P@r20/prior)	log2(P@r50/prior)	R@r10	R@r20	R@r50
0.8087257019438443	1.6192147246701667	2.341131828860455	2.1712068274181426	1.8034750429176554	0.09	0.16	0.31
