auROC	log2(auPRC/prior)	log2(P@r10/prior)	log2(P@r20/prior)	log2(P@r50/prior)	R@r10	R@r20	R@r50
0.9304029304029304	3.809994803930308	-inf	-inf	3.4515408330178317	0.0	0.0	1.0
