auROC	log2(auPRC/prior)	log2(P@r10/prior)	log2(P@r20/prior)	log2(P@r50/prior)	R@r10	R@r20	R@r50
0.7382842231162335	1.4620437192191142	1.714730375691486	2.2996928764126423	1.3928022808041236	0.058823529411764705	0.17647058823529413	0.23529411764705882
