auROC	log2(auPRC/prior)	log2(P@r10/prior)	log2(P@r20/prior)	log2(P@r50/prior)	R@r10	R@r20	R@r50
0.7407154249259512	1.1896259305827044	2.003475994551931	2.003475994551931	1.6815478996645685	0.06140350877192982	0.12280701754385964	0.24561403508771928
