auROC	log2(auPRC/prior)	log2(P@r10/prior)	log2(P@r20/prior)	log2(P@r50/prior)	R@r10	R@r20	R@r50
0.6293577981651376	1.180067787703518	2.6180708125330945	2.0331083118119384	0.7111802169245761	0.10714285714285714	0.14285714285714285	0.14285714285714285
