auROC	log2(auPRC/prior)	log2(P@r10/prior)	log2(P@r20/prior)	log2(P@r50/prior)	R@r10	R@r20	R@r50
0.7767499846087546	0.417088202448069	0.5199634490184006	0.5979659610196738	0.6428201968039342	0.012162162162162163	0.025675675675675677	0.06621621621621622
