auROC	log2(auPRC/prior)	log2(P@r10/prior)	log2(P@r20/prior)	log2(P@r50/prior)	R@r10	R@r20	R@r50
0.766207104759988	1.3590072886684752	1.7016074195734268	1.9646418254072204	1.642713730519858	0.05263157894736842	0.12631578947368421	0.25263157894736843
