auROC	log2(auPRC/prior)	log2(P@r10/prior)	log2(P@r20/prior)	log2(P@r50/prior)	R@r10	R@r20	R@r50
0.7902392344497607	1.9658247033744094	1.5824292339756343	2.16739173469679	2.067856061145876	0.05263157894736842	0.15789473684210525	0.3684210526315789
