auROC	log2(auPRC/prior)	log2(P@r10/prior)	log2(P@r20/prior)	log2(P@r50/prior)	R@r10	R@r20	R@r50
0.7941360190903987	0.7060574654376826	1.0383281186590994	0.9643275372153225	0.9794344296055308	0.019230769230769232	0.03653846153846154	0.09230769230769231
