auROC	log2(auPRC/prior)	log2(P@r10/prior)	log2(P@r20/prior)	log2(P@r50/prior)	R@r10	R@r20	R@r50
0.6264676283126467	0.8364944865406929	-inf	1.3297759567100473	0.007847861822684972	0.0	0.09090909090909091	0.09090909090909091
