auROC	log2(auPRC/prior)	log2(P@r10/prior)	log2(P@r20/prior)	log2(P@r50/prior)	R@r10	R@r20	R@r50
0.7918539148047344	1.8527525872303456	2.732109027596592	2.732109027596592	1.995143433430386	0.11475409836065574	0.22950819672131148	0.3442622950819672
