auROC	log2(auPRC/prior)	log2(P@r10/prior)	log2(P@r20/prior)	log2(P@r50/prior)	R@r10	R@r20	R@r50
0.832696368727907	0.7049553225278826	0.5080646308499733	0.7881725500427086	0.8706347102346816	0.0170316301703163	0.0413625304136253	0.10948905109489052
