auROC	log2(auPRC/prior)	log2(P@r10/prior)	log2(P@r20/prior)	log2(P@r50/prior)	R@r10	R@r20	R@r50
0.7666462167689161	1.5141008394271127	2.236339539168374	2.236339539168374	1.9144114442810114	0.08	0.16	0.32
