auROC	log2(auPRC/prior)	log2(P@r10/prior)	log2(P@r20/prior)	log2(P@r50/prior)	R@r10	R@r20	R@r50
0.7440501153281611	1.3623538948522729	2.412424996227335	2.0645016928070286	1.4530669807246812	0.09210526315789473	0.14473684210526316	0.23684210526315788
