auROC	log2(auPRC/prior)	log2(P@r10/prior)	log2(P@r20/prior)	log2(P@r50/prior)	R@r10	R@r20	R@r50
0.8788050734312416	2.2471959924127036	1.662693803953722	2.5371629218698635	2.3996593981199283	0.05357142857142857	0.19642857142857142	0.44642857142857145
