auROC	log2(auPRC/prior)	log2(P@r10/prior)	log2(P@r20/prior)	log2(P@r50/prior)	R@r10	R@r20	R@r50
0.7915724318533507	2.20695481793193	3.1322053354931536	2.8691709296593597	2.3407919573045715	0.14516129032258066	0.24193548387096775	0.41935483870967744
