auROC	log2(auPRC/prior)	log2(P@r10/prior)	log2(P@r20/prior)	log2(P@r50/prior)	R@r10	R@r20	R@r50
0.5	0.0	-0.42918168159911363	0.15578081912204253	1.0562451455711281	0.012195121951219513	0.036585365853658534	0.17073170731707318
