auROC	log2(auPRC/prior)	log2(P@r10/prior)	log2(P@r20/prior)	log2(P@r50/prior)	R@r10	R@r20	R@r50
0.8736346832465132	3.54058081923369	4.162986320613173	3.6775594934429323	2.493134922305505	0.3181818181818182	0.45454545454545453	0.5
