auROC	log2(auPRC/prior)	log2(P@r10/prior)	log2(P@r20/prior)	log2(P@r50/prior)	R@r10	R@r20	R@r50
0.6505236509918157	0.4195645430048243	0.2496138900714725	0.8345763907926285	-0.07231420481589008	0.018518518518518517	0.05555555555555555	0.07407407407407407
