auROC	log2(auPRC/prior)	log2(P@r10/prior)	log2(P@r20/prior)	log2(P@r50/prior)	R@r10	R@r20	R@r50
0.6116369575037354	0.16559773743002845	-0.7193797828602457	-0.30434228358140186	-0.2339529556900041	0.005660377358490566	0.01509433962264151	0.03962264150943396
