auROC	log2(auPRC/prior)	log2(P@r10/prior)	log2(P@r20/prior)	log2(P@r50/prior)	R@r10	R@r20	R@r50
0.6433757286698463	0.41568312111901284	-0.3415569016362949	0.6584430983637051	-0.07852249580250126	0.013513513513513514	0.05405405405405406	0.08108108108108109
