auROC	log2(auPRC/prior)	log2(P@r10/prior)	log2(P@r20/prior)	log2(P@r50/prior)	R@r10	R@r20	R@r50
0.7579800919821181	0.6255726446717491	0.5671246456008188	0.8472325647935541	0.9614035847128652	0.014830508474576272	0.036016949152542374	0.09745762711864407
