auROC	log2(auPRC/prior)	log2(P@r10/prior)	log2(P@r20/prior)	log2(P@r50/prior)	R@r10	R@r20	R@r50
0.810358579553336	1.6413693922996737	2.4195388915137848	2.2496138900714726	2.0569688121290763	0.08333333333333333	0.14814814814814814	0.32407407407407407
