auROC	log2(auPRC/prior)	log2(P@r10/prior)	log2(P@r20/prior)	log2(P@r50/prior)	R@r10	R@r20	R@r50
0.7971731187954386	1.476323796877253	1.736965594166206	2.0170735133589415	2.0	0.047619047619047616	0.11564625850340136	0.2857142857142857
