auROC	log2(auPRC/prior)	log2(P@r10/prior)	log2(P@r20/prior)	log2(P@r50/prior)	R@r10	R@r20	R@r50
0.7281367346305434	0.5257833504941627	1.125659596456152	0.8911943428191289	0.8037315015687896	0.021413276231263382	0.03640256959314775	0.08565310492505353
