auROC	log2(auPRC/prior)	log2(P@r10/prior)	log2(P@r20/prior)	log2(P@r50/prior)	R@r10	R@r20	R@r50
0.7653678107224315	0.8713789456497802	1.0676569501032624	0.5530837772735041	1.0087632610496937	0.033112582781456956	0.046357615894039736	0.15894039735099338
