auROC	log2(auPRC/prior)	log2(P@r10/prior)	log2(P@r20/prior)	log2(P@r50/prior)	R@r10	R@r20	R@r50
0.8178177521008404	3.317467735292915	4.200513321275736	3.3525164147207853	3.030588319833423	0.32142857142857145	0.35714285714285715	0.7142857142857143
