auROC	log2(auPRC/prior)	log2(P@r10/prior)	log2(P@r20/prior)	log2(P@r50/prior)	R@r10	R@r20	R@r50
0.7547647499645556	1.2101992144067903	2.128687968456065	1.7807646650357583	1.5843674522322548	0.07216494845360824	0.1134020618556701	0.24742268041237114
