auROC	log2(auPRC/prior)	log2(P@r10/prior)	log2(P@r20/prior)	log2(P@r50/prior)	R@r10	R@r20	R@r50
0.7444492440604752	0.9150510588180908	0.7561693281392985	1.1712068274181426	1.1712068274181426	0.03	0.08	0.2
