auROC	log2(auPRC/prior)	log2(P@r10/prior)	log2(P@r20/prior)	log2(P@r50/prior)	R@r10	R@r20	R@r50
0.7924752817983168	1.8597189765916682	2.513409239696122	2.4309470795041492	2.150839160311414	0.0967741935483871	0.1827956989247312	0.3763440860215054
