auROC	log2(auPRC/prior)	log2(P@r10/prior)	log2(P@r20/prior)	log2(P@r50/prior)	R@r10	R@r20	R@r50
0.8088399330730619	2.0255327602967097	2.8615945099556725	2.4465570106768286	1.9547039143471538	0.13636363636363635	0.20454545454545456	0.36363636363636365
