auROC	log2(auPRC/prior)	log2(P@r10/prior)	log2(P@r20/prior)	log2(P@r50/prior)	R@r10	R@r20	R@r50
0.7704918032786885	1.5435231633306237	2.0077080951352633	1.007708095135263	-0.3142199997520991	0.07142857142857142	0.07142857142857142	0.07142857142857142
