auROC	log2(auPRC/prior)	log2(P@r10/prior)	log2(P@r20/prior)	log2(P@r50/prior)	R@r10	R@r20	R@r50
0.8119922001949952	1.8433817795977672	2.4306001344021837	2.305069252318325	2.0472714948506785	0.08823529411764706	0.16176470588235295	0.3382352941176471
