auROC	log2(auPRC/prior)	log2(P@r10/prior)	log2(P@r20/prior)	log2(P@r50/prior)	R@r10	R@r20	R@r50
0.7310439233424593	1.6683356945722656	2.4712294242038233	2.4712294242038233	1.564338828595305	0.0967741935483871	0.1935483870967742	0.25806451612903225
