auROC	log2(auPRC/prior)	log2(P@r10/prior)	log2(P@r20/prior)	log2(P@r50/prior)	R@r10	R@r20	R@r50
0.8815009874917709	2.837897887023161	3.200621798665229	3.0486187052201785	2.7266906103328163	0.16129032258064516	0.2903225806451613	0.5806451612903226
