auROC	log2(auPRC/prior)	log2(P@r10/prior)	log2(P@r20/prior)	log2(P@r50/prior)	R@r10	R@r20	R@r50
0.9007991331437085	2.378581696475339	2.12988028254691	2.6153071097171514	2.6954774584011347	0.07246376811594203	0.2028985507246377	0.5362318840579711
