auROC	log2(auPRC/prior)	log2(P@r10/prior)	log2(P@r20/prior)	log2(P@r50/prior)	R@r10	R@r20	R@r50
0.7495799201848351	2.067546287766432	2.2352164616940313	2.820178962415188	1.9132883668066691	0.08333333333333333	0.25	0.3333333333333333
