auROC	log2(auPRC/prior)	log2(P@r10/prior)	log2(P@r20/prior)	log2(P@r50/prior)	R@r10	R@r20	R@r50
0.7005967100311795	0.9239146389426272	1.7450706438032615	0.7450706438032615	0.42314254891589914	0.056338028169014086	0.056338028169014086	0.11267605633802817
