auROC	log2(auPRC/prior)	log2(P@r10/prior)	log2(P@r20/prior)	log2(P@r50/prior)	R@r10	R@r20	R@r50
0.7138179436804191	0.9315163954087935	1.3339007365534385	1.1412556586110423	1.2599001551096614	0.041666666666666664	0.07291666666666667	0.19791666666666666
