auROC	log2(auPRC/prior)	log2(P@r10/prior)	log2(P@r20/prior)	log2(P@r50/prior)	R@r10	R@r20	R@r50
0.7223108384458077	0.9613575507409703	1.2363395391683738	1.4062645406106862	1.3067288670597716	0.04	0.09	0.21
