auROC	log2(auPRC/prior)	log2(P@r10/prior)	log2(P@r20/prior)	log2(P@r50/prior)	R@r10	R@r20	R@r50
0.6642387218045113	0.7362609389344702	-inf	-inf	0.4329594072761061	0.0	0.0	0.125
