auROC	log2(auPRC/prior)	log2(P@r10/prior)	log2(P@r20/prior)	log2(P@r50/prior)	R@r10	R@r20	R@r50
0.8050020553428096	1.6440219493593624	2.3434842382538097	2.150839160311414	1.8795371384940196	0.08602150537634409	0.15053763440860216	0.3118279569892473
