auROC	log2(auPRC/prior)	log2(P@r10/prior)	log2(P@r20/prior)	log2(P@r50/prior)	R@r10	R@r20	R@r50
0.741350722456771	0.9269156487637491	1.8828164606296611	1.583256178770753	1.0844503217993116	0.05673758865248227	0.09219858156028368	0.16312056737588654
