auROC	log2(auPRC/prior)	log2(P@r10/prior)	log2(P@r20/prior)	log2(P@r50/prior)	R@r10	R@r20	R@r50
0.6685914732865623	1.593287922127527	2.352991102572691	1.3529911025726908	1.2534554290217768	0.08823529411764706	0.08823529411764706	0.20588235294117646
