auROC	log2(auPRC/prior)	log2(P@r10/prior)	log2(P@r20/prior)	log2(P@r50/prior)	R@r10	R@r20	R@r50
0.7652286230948075	1.9065624820258795	3.070389327891398	2.333423733725192	1.5964581395589856	0.14285714285714285	0.17142857142857143	0.2571428571428571
