auROC	log2(auPRC/prior)	log2(P@r10/prior)	log2(P@r20/prior)	log2(P@r50/prior)	R@r10	R@r20	R@r50
0.8049876574466739	1.8877345849897433	2.732109027596592	2.509716606260144	2.062257629288923	0.11475409836065574	0.19672131147540983	0.36065573770491804
