auROC	log2(auPRC/prior)	log2(P@r10/prior)	log2(P@r20/prior)	log2(P@r50/prior)	R@r10	R@r20	R@r50
0.6354422177997872	1.0142953540846946	2.4702670199992363	1.7921951148865984	1.1483389251118739	0.0975609756097561	0.12195121951219512	0.1951219512195122
