auROC	log2(auPRC/prior)	log2(P@r10/prior)	log2(P@r20/prior)	log2(P@r50/prior)	R@r10	R@r20	R@r50
0.8586800573888091	1.9637417509306876	2.570818318400886	2.2712580365419783	2.056245145571128	0.0975609756097561	0.15853658536585366	0.34146341463414637
