auROC	log2(auPRC/prior)	log2(P@r10/prior)	log2(P@r20/prior)	log2(P@r50/prior)	R@r10	R@r20	R@r50
0.7627475796279795	0.34716988978432484	0.44300607072418624	0.521008582725459	0.5057418260721487	0.009433962264150943	0.019916142557651992	0.049266247379454925
