auROC	log2(auPRC/prior)	log2(P@r10/prior)	log2(P@r20/prior)	log2(P@r50/prior)	R@r10	R@r20	R@r50
0.8013035381750466	2.07524684216806	2.816394909169121	2.4013574098902777	2.079429315002915	0.12	0.18	0.36
