auROC	log2(auPRC/prior)	log2(P@r10/prior)	log2(P@r20/prior)	log2(P@r50/prior)	R@r10	R@r20	R@r50
0.7924921793534931	2.7681080595836827	3.00514330327596	3.00514330327596	2.6832152083885976	0.14285714285714285	0.2857142857142857	0.5714285714285714
