auROC	log2(auPRC/prior)	log2(P@r10/prior)	log2(P@r20/prior)	log2(P@r50/prior)	R@r10	R@r20	R@r50
0.8499925295084416	2.0322268442963987	2.7210397316797956	2.2515544483785757	1.752748591407134	0.1956521739130435	0.2826086956521739	0.5
