auROC	log2(auPRC/prior)	log2(P@r10/prior)	log2(P@r20/prior)	log2(P@r50/prior)	R@r10	R@r20	R@r50
0.8316176470588235	3.2417169393216834	3.4828482830684653	2.897885782347309	2.897885782347309	0.2	0.26666666666666666	0.6666666666666666
