auROC	log2(auPRC/prior)	log2(P@r10/prior)	log2(P@r20/prior)	log2(P@r50/prior)	R@r10	R@r20	R@r50
0.7503220266208673	1.348078792054812	1.8170212566510837	1.8170212566510837	1.7174855831001694	0.058823529411764705	0.11764705882352941	0.27450980392156865
