auROC	log2(auPRC/prior)	log2(P@r10/prior)	log2(P@r20/prior)	log2(P@r50/prior)	R@r10	R@r20	R@r50
0.8849799732977304	2.211725534180337	2.3996593981199283	2.3996593981199283	2.3996593981199283	0.08928571428571429	0.17857142857142858	0.44642857142857145
