auROC	log2(auPRC/prior)	log2(P@r10/prior)	log2(P@r20/prior)	log2(P@r50/prior)	R@r10	R@r20	R@r50
0.6162833438353287	1.3598657789322655	2.739368084381511	2.439807802522603	1.8097574122729085	0.1111111111111111	0.18055555555555555	0.2916666666666667
