auROC	log2(auPRC/prior)	log2(P@r10/prior)	log2(P@r20/prior)	log2(P@r50/prior)	R@r10	R@r20	R@r50
0.9245615877349576	2.231373977059489	2.0727031937296445	2.295095615066092	2.5233646027392096	0.06741573033707865	0.15730337078651685	0.4606741573033708
