auROC	log2(auPRC/prior)	log2(P@r10/prior)	log2(P@r20/prior)	log2(P@r50/prior)	R@r10	R@r20	R@r50
0.715711009174312	1.0191861668317164	-inf	0.8099288657214307	0.4880007708340682	0.0	0.0625	0.125
