auROC	log2(auPRC/prior)	log2(P@r10/prior)	log2(P@r20/prior)	log2(P@r50/prior)	R@r10	R@r20	R@r50
0.7883896163203603	1.0982996449805373	1.6720731644911946	1.6720731644911946	1.5200700710461446	0.04149377593360996	0.08298755186721991	0.18672199170124482
