auROC	log2(auPRC/prior)	log2(P@r10/prior)	log2(P@r20/prior)	log2(P@r50/prior)	R@r10	R@r20	R@r50
0.8309128630705394	1.5525410230287786	4.596935142387232	3.596935142387232	2.27500704749987	0.5	0.5	0.5
