auROC	log2(auPRC/prior)	log2(P@r10/prior)	log2(P@r20/prior)	log2(P@r50/prior)	R@r10	R@r20	R@r50
0.6526115050000216	0.17623506563134075	0.27308106928187376	0.44300607072418624	0.27308106928187376	0.008385744234800839	0.018867924528301886	0.041928721174004195
