auROC	log2(auPRC/prior)	log2(P@r10/prior)	log2(P@r20/prior)	log2(P@r50/prior)	R@r10	R@r20	R@r50
0.8240518162393162	1.8032245836014924	0.6438561897747247	2.4512111118323285	1.7813597135246595	0.03125	0.21875	0.34375
