auROC	log2(auPRC/prior)	log2(P@r10/prior)	log2(P@r20/prior)	log2(P@r50/prior)	R@r10	R@r20	R@r50
0.7787337057728119	1.9671694483795275	2.816394909169121	2.6908640270852624	1.909504313560603	0.12	0.22	0.32
