auROC	log2(auPRC/prior)	log2(P@r10/prior)	log2(P@r20/prior)	log2(P@r50/prior)	R@r10	R@r20	R@r50
0.7640612769764061	1.3335549096291697	1.8376374889936469	1.9371731625445612	1.79581731329902	0.05303030303030303	0.11363636363636363	0.25757575757575757
