auROC	log2(auPRC/prior)	log2(P@r10/prior)	log2(P@r20/prior)	log2(P@r50/prior)	R@r10	R@r20	R@r50
0.781041625567173	1.114242655655743	1.2493223334512935	1.571250428338656	1.4717147547877414	0.032432432432432434	0.08108108108108109	0.1891891891891892
