auROC	log2(auPRC/prior)	log2(P@r10/prior)	log2(P@r20/prior)	log2(P@r50/prior)	R@r10	R@r20	R@r50
0.7303307888040713	1.2325887511068523	2.4830203294631463	1.6756654074055426	1.0541770306592722	0.09333333333333334	0.10666666666666667	0.17333333333333334
