auROC	log2(auPRC/prior)	log2(P@r10/prior)	log2(P@r20/prior)	log2(P@r50/prior)	R@r10	R@r20	R@r50
0.6877289377289377	4.733681646735181	4.20163386116965	3.201633861169651	1.8797057662822882	0.3333333333333333	0.3333333333333333	0.3333333333333333
