auROC	log2(auPRC/prior)	log2(P@r10/prior)	log2(P@r20/prior)	log2(P@r50/prior)	R@r10	R@r20	R@r50
0.7263760110475439	1.6070808768979752	2.2458738546756107	1.9828394488418173	1.5089082605094046	0.08108108108108109	0.13513513513513514	0.24324324324324326
