auROC	log2(auPRC/prior)	log2(P@r10/prior)	log2(P@r20/prior)	log2(P@r50/prior)	R@r10	R@r20	R@r50
0.8916513198281153	3.5219113668070845	4.1034976397033365	3.740927560318628	3.003961966152422	0.3	0.4666666666666667	0.7
