auROC	log2(auPRC/prior)	log2(P@r10/prior)	log2(P@r20/prior)	log2(P@r50/prior)	R@r10	R@r20	R@r50
0.8868180448106099	2.888585571254467	2.6360366853154256	3.3364764034565173	2.9579647802027877	0.10810810810810811	0.35135135135135137	0.6756756756756757
