auROC	log2(auPRC/prior)	log2(P@r10/prior)	log2(P@r20/prior)	log2(P@r50/prior)	R@r10	R@r20	R@r50
0.7386048604860486	0.6402076926765466	1.0876308798086667	1.0876308798086667	1.0876308798086667	0.022277227722772276	0.04455445544554455	0.11138613861386139
