auROC	log2(auPRC/prior)	log2(P@r10/prior)	log2(P@r20/prior)	log2(P@r50/prior)	R@r10	R@r20	R@r50
0.821938305709024	4.423277021154403	4.612131300013432	4.264207996593125	2.9422799017057626	0.4375	0.6875	0.6875
