auROC	log2(auPRC/prior)	log2(P@r10/prior)	log2(P@r20/prior)	log2(P@r50/prior)	R@r10	R@r20	R@r50
0.7325945224946708	0.12908852514295702	0.2338109207022795	0.2338109207022795	0.2338109207022795	0.006045949214026602	0.012091898428053204	0.030229746070133012
