auROC	log2(auPRC/prior)	log2(P@r10/prior)	log2(P@r20/prior)	log2(P@r50/prior)	R@r10	R@r20	R@r50
0.8192620798319328	2.8885600584401923	3.6155508205545788	3.2005133212757353	2.7961230661964	0.21428571428571427	0.32142857142857145	0.6071428571428571
