auROC	log2(auPRC/prior)	log2(P@r10/prior)	log2(P@r20/prior)	log2(P@r50/prior)	R@r10	R@r20	R@r50
0.7898288174753203	2.0786404373967518	2.909293085823823	2.739368084381511	2.27542098462172	0.125	0.2222222222222222	0.4027777777777778
