auROC	log2(auPRC/prior)	log2(P@r10/prior)	log2(P@r20/prior)	log2(P@r50/prior)	R@r10	R@r20	R@r50
0.6981378871832138	0.9516994915916829	1.6771788719421301	1.6771788719421301	1.355250777054768	0.04950495049504951	0.09900990099009901	0.19801980198019803
