auROC	log2(auPRC/prior)	log2(P@r10/prior)	log2(P@r20/prior)	log2(P@r50/prior)	R@r10	R@r20	R@r50
0.6386300093196645	0.843131278922758	1.669756636900634	1.669756636900634	1.3020248524001468	0.04597701149425287	0.09195402298850575	0.1781609195402299
