auROC	log2(auPRC/prior)	log2(P@r10/prior)	log2(P@r20/prior)	log2(P@r50/prior)	R@r10	R@r20	R@r50
0.7804166247358358	1.2415334774177347	0.9646418254072204	0.9646418254072204	1.5813131858557148	0.031578947368421054	0.06315789473684211	0.24210526315789474
