auROC	log2(auPRC/prior)	log2(P@r10/prior)	log2(P@r20/prior)	log2(P@r50/prior)	R@r10	R@r20	R@r50
0.5942557918121232	0.9247932461291035	1.3118568844184677	1.3118568844184677	1.3118568844184677	0.043478260869565216	0.08695652173913043	0.21739130434782608
