auROC	log2(auPRC/prior)	log2(P@r10/prior)	log2(P@r20/prior)	log2(P@r50/prior)	R@r10	R@r20	R@r50
0.7021910536313722	0.7091277588997253	1.407303602702606	1.0593802992822996	1.0329080879211086	0.04216867469879518	0.06626506024096386	0.16265060240963855
