auROC	log2(auPRC/prior)	log2(P@r10/prior)	log2(P@r20/prior)	log2(P@r50/prior)	R@r10	R@r20	R@r50
0.9077434966727163	2.949283407030814	3.3339007365534385	2.97133065716873	3.011972641666076	0.16666666666666666	0.25925925925925924	0.6666666666666666
