auROC	log2(auPRC/prior)	log2(P@r10/prior)	log2(P@r20/prior)	log2(P@r50/prior)	R@r10	R@r20	R@r50
0.7647551978537894	1.051387807192392	1.276517635197416	1.4140211589473508	1.4400163674802953	0.035211267605633804	0.07746478873239436	0.19718309859154928
