auROC	log2(auPRC/prior)	log2(P@r10/prior)	log2(P@r20/prior)	log2(P@r50/prior)	R@r10	R@r20	R@r50
0.6081932773109244	0.4929592175552489	-inf	-inf	0.6729101999968587	0.0	0.0	0.14285714285714285
