auROC	log2(auPRC/prior)	log2(P@r10/prior)	log2(P@r20/prior)	log2(P@r50/prior)	R@r10	R@r20	R@r50
0.7727429805615551	1.1503581988991445	1.1712068274181426	1.4931349223055048	1.3087103511680773	0.04	0.1	0.22
