auROC	log2(auPRC/prior)	log2(P@r10/prior)	log2(P@r20/prior)	log2(P@r50/prior)	R@r10	R@r20	R@r50
0.852003391986432	1.9391434231779194	2.476134073360505	2.383024668969023	2.2416688197234818	0.0898876404494382	0.16853932584269662	0.38202247191011235
