auROC	log2(auPRC/prior)	log2(P@r10/prior)	log2(P@r20/prior)	log2(P@r50/prior)	R@r10	R@r20	R@r50
0.7155136142333353	0.9768069270550529	1.8432558735637112	1.8432558735637112	1.1734044752560422	0.05511811023622047	0.11023622047244094	0.1732283464566929
