auROC	log2(auPRC/prior)	log2(P@r10/prior)	log2(P@r20/prior)	log2(P@r50/prior)	R@r10	R@r20	R@r50
0.7473035439137133	1.6499146934362032	2.4402274077401453	2.1771930019063515	1.9256542349103871	0.09090909090909091	0.15151515151515152	0.3181818181818182
