auROC	log2(auPRC/prior)	log2(P@r10/prior)	log2(P@r20/prior)	log2(P@r50/prior)	R@r10	R@r20	R@r50
0.9027255639097743	4.299093915502382	4.339850002884624	4.076815597050831	2.7548875021634687	0.375	0.625	0.625
