auROC	log2(auPRC/prior)	log2(P@r10/prior)	log2(P@r20/prior)	log2(P@r50/prior)	R@r10	R@r20	R@r50
0.8924450549450549	3.212479453062211	3.7208256660898353	3.4577912602560414	3.036327491817765	0.225	0.375	0.7
