auROC	log2(auPRC/prior)	log2(P@r10/prior)	log2(P@r20/prior)	log2(P@r50/prior)	R@r10	R@r20	R@r50
0.8692861479746725	3.940591464788608	4.4405725913859815	4.247927513443585	3.025535092107138	0.38095238095238093	0.6666666666666666	0.7142857142857143
