auROC	log2(auPRC/prior)	log2(P@r10/prior)	log2(P@r20/prior)	log2(P@r50/prior)	R@r10	R@r20	R@r50
0.7408424908424909	1.5526806082443074	-inf	-inf	0.8797057662822882	0.0	0.0	0.16666666666666666
