auROC	log2(auPRC/prior)	log2(P@r10/prior)	log2(P@r20/prior)	log2(P@r50/prior)	R@r10	R@r20	R@r50
0.6501898108271924	0.3175946232851632	0.5292811167596692	0.7219261947020652	0.4874609410650424	0.01440329218106996	0.03292181069958848	0.06995884773662552
