auROC	log2(auPRC/prior)	log2(P@r10/prior)	log2(P@r20/prior)	log2(P@r50/prior)	R@r10	R@r20	R@r50
0.8348623853211009	2.477478811808249	-inf	-inf	2.4515408330178317	0.0	0.0	0.5
