auROC	log2(auPRC/prior)	log2(P@r10/prior)	log2(P@r20/prior)	log2(P@r50/prior)	R@r10	R@r20	R@r50
0.6579955636216979	1.0264565438503028	2.637429920615292	1.637429920615292	0.3155018257279297	0.1111111111111111	0.1111111111111111	0.1111111111111111
