auROC	log2(auPRC/prior)	log2(P@r10/prior)	log2(P@r20/prior)	log2(P@r50/prior)	R@r10	R@r20	R@r50
0.8425680159256802	2.0106767267943524	2.454654478375425	2.454654478375425	2.3343602446577134	0.09090909090909091	0.18181818181818182	0.41818181818181815
