auROC	log2(auPRC/prior)	log2(P@r10/prior)	log2(P@r20/prior)	log2(P@r50/prior)	R@r10	R@r20	R@r50
0.7322921522921522	0.5153485270961136	0.9691540330472409	0.7061196272134469	0.7252284501611515	0.019230769230769232	0.03205128205128205	0.0811965811965812
