auROC	log2(auPRC/prior)	log2(P@r10/prior)	log2(P@r20/prior)	log2(P@r50/prior)	R@r10	R@r20	R@r50
0.6240474853613539	0.6778266734757439	1.4364781774129025	1.4364781774129025	1.3021770857013113	0.03296703296703297	0.06593406593406594	0.15018315018315018
