auROC	log2(auPRC/prior)	log2(P@r10/prior)	log2(P@r20/prior)	log2(P@r50/prior)	R@r10	R@r20	R@r50
0.711444007858546	0.9525070597375916	1.9188632372745944	1.7933323551907356	1.011972641666076	0.0625	0.11458333333333333	0.16666666666666666
