auROC	log2(auPRC/prior)	log2(P@r10/prior)	log2(P@r20/prior)	log2(P@r50/prior)	R@r10	R@r20	R@r50
0.8603827751196172	3.669581694327641	3.9043573288629965	3.16739173469679	2.960940857229364	0.2631578947368421	0.3157894736842105	0.6842105263157895
