auROC	log2(auPRC/prior)	log2(P@r10/prior)	log2(P@r20/prior)	log2(P@r50/prior)	R@r10	R@r20	R@r50
0.542406311637081	0.24573344383479415	-inf	-inf	-0.2175914350726268	0.0	0.0	0.07692307692307693
