auROC	log2(auPRC/prior)	log2(P@r10/prior)	log2(P@r20/prior)	log2(P@r50/prior)	R@r10	R@r20	R@r50
0.718978102189781	1.8064362268850789	2.5058909297299574	2.0908534304511135	1.9913177569001992	0.1	0.15	0.35
