auROC	log2(auPRC/prior)	log2(P@r10/prior)	log2(P@r20/prior)	log2(P@r50/prior)	R@r10	R@r20	R@r50
0.6454844711607272	0.8172769877024739	1.2320587559299279	1.2320587559299279	1.2320587559299279	0.0392156862745098	0.0784313725490196	0.19607843137254902
