auROC	log2(auPRC/prior)	log2(P@r10/prior)	log2(P@r20/prior)	log2(P@r50/prior)	R@r10	R@r20	R@r50
0.6663636363636364	2.9794546930645707	3.6578940231750074	2.6578940231750074	1.3359659282876453	0.2222222222222222	0.2222222222222222	0.2222222222222222
