auROC	log2(auPRC/prior)	log2(P@r10/prior)	log2(P@r20/prior)	log2(P@r50/prior)	R@r10	R@r20	R@r50
0.7253636938646426	2.968225830663022	3.438292851579147	2.853330350857991	1.5314022559706282	0.2	0.26666666666666666	0.26666666666666666
