auROC	log2(auPRC/prior)	log2(P@r10/prior)	log2(P@r20/prior)	log2(P@r50/prior)	R@r10	R@r20	R@r50
0.7169492887567306	1.6363397098657395	2.2940613014544184	2.2940613014544184	1.9721332065670558	0.08695652173913043	0.17391304347826086	0.34782608695652173
