auROC	log2(auPRC/prior)	log2(P@r10/prior)	log2(P@r20/prior)	log2(P@r50/prior)	R@r10	R@r20	R@r50
0.7703895967699649	0.7006113311401339	1.1723890413937934	1.1723890413937934	0.9547976063211666	0.02564102564102564	0.05128205128205128	0.11025641025641025
