auROC	log2(auPRC/prior)	log2(P@r10/prior)	log2(P@r20/prior)	log2(P@r50/prior)	R@r10	R@r20	R@r50
0.790983606557377	3.461199888669927	3.820178962415188	3.405141463136344	2.0832133682489813	0.25	0.375	0.375
