auROC	log2(auPRC/prior)	log2(P@r10/prior)	log2(P@r20/prior)	log2(P@r50/prior)	R@r10	R@r20	R@r50
0.5	0.0	0.7276001759425279	0.7276001759425279	0.9906345817763217	0.029411764705882353	0.058823529411764705	0.17647058823529413
