auROC	log2(auPRC/prior)	log2(P@r10/prior)	log2(P@r20/prior)	log2(P@r50/prior)	R@r10	R@r20	R@r50
0.6327272727272728	1.177684439348116	2.1146232990517753	2.1146232990517753	1.377657704885569	0.07692307692307693	0.15384615384615385	0.23076923076923078
