auROC	log2(auPRC/prior)	log2(P@r10/prior)	log2(P@r20/prior)	log2(P@r50/prior)	R@r10	R@r20	R@r50
0.7832626401936038	1.1515659161959462	1.9218767755323645	1.7698736820873144	1.3654834270079792	0.060240963855421686	0.10843373493975904	0.20481927710843373
