auROC	log2(auPRC/prior)	log2(P@r10/prior)	log2(P@r20/prior)	log2(P@r50/prior)	R@r10	R@r20	R@r50
0.8021402550091075	3.743058329248537	4.1421070573025505	3.627533884472792	2.668175868970138	0.3125	0.4375	0.5625
