auROC	log2(auPRC/prior)	log2(P@r10/prior)	log2(P@r20/prior)	log2(P@r50/prior)	R@r10	R@r20	R@r50
0.7896268184693231	2.9067766061227154	3.438292851579147	3.175258445745353	2.1163647566917847	0.2	0.3333333333333333	0.4
