auROC	log2(auPRC/prior)	log2(P@r10/prior)	log2(P@r20/prior)	log2(P@r50/prior)	R@r10	R@r20	R@r50
0.7945515799256506	2.6302968619371345	3.154818109052104	3.6402449362223455	2.5984247605277186	0.15625	0.4375	0.53125
