auROC	log2(auPRC/prior)	log2(P@r10/prior)	log2(P@r20/prior)	log2(P@r50/prior)	R@r10	R@r20	R@r50
0.7501846201006006	1.0336382469474752	1.8828164606296611	1.583256178770753	1.4677789613508172	0.05673758865248227	0.09219858156028368	0.2127659574468085
