auROC	log2(auPRC/prior)	log2(P@r10/prior)	log2(P@r20/prior)	log2(P@r50/prior)	R@r10	R@r20	R@r50
0.8022598870056497	1.9440695149699871	2.488000770834068	1.903038270112912	1.5811101752255496	0.15	0.2	0.4
