auROC	log2(auPRC/prior)	log2(P@r10/prior)	log2(P@r20/prior)	log2(P@r50/prior)	R@r10	R@r20	R@r50
0.7108300589390963	0.5321240446714671	0.9814579399905956	0.9814579399905956	0.8611637062728839	0.019646365422396856	0.03929273084479371	0.09037328094302555
