auROC	log2(auPRC/prior)	log2(P@r10/prior)	log2(P@r20/prior)	log2(P@r50/prior)	R@r10	R@r20	R@r50
0.7145540243085463	0.4683367881829479	0.3068886954232212	0.6288167903105837	0.7575501044327865	0.012345679012345678	0.030864197530864196	0.08436213991769548
