auROC	log2(auPRC/prior)	log2(P@r10/prior)	log2(P@r20/prior)	log2(P@r50/prior)	R@r10	R@r20	R@r50
0.7475886895111429	0.9343128644193684	1.3306913559370561	1.3306913559370561	1.3306913559370561	0.039735099337748346	0.07947019867549669	0.1986754966887417
