auROC	log2(auPRC/prior)	log2(P@r10/prior)	log2(P@r20/prior)	log2(P@r50/prior)	R@r10	R@r20	R@r50
0.8011049723756907	4.113734814949006	4.20945336562895	3.7944158663501057	2.4724877714627436	0.3333333333333333	0.5	0.5
