auROC	log2(auPRC/prior)	log2(P@r10/prior)	log2(P@r20/prior)	log2(P@r50/prior)	R@r10	R@r20	R@r50
0.731221000710613	0.8940541866083027	2.0527414620719737	1.4677789613508172	0.8088158791858843	0.06382978723404255	0.0851063829787234	0.1347517730496454
