auROC	log2(auPRC/prior)	log2(P@r10/prior)	log2(P@r20/prior)	log2(P@r50/prior)	R@r10	R@r20	R@r50
0.827088948787062	2.644717408838253	2.552131108253784	2.552131108253784	1.9671686075326276	0.15	0.3	0.5
