auROC	log2(auPRC/prior)	log2(P@r10/prior)	log2(P@r20/prior)	log2(P@r50/prior)	R@r10	R@r20	R@r50
0.875538196021437	2.062510727807813	2.67717887194213	2.67717887194213	2.281250195610991	0.09900990099009901	0.19801980198019803	0.37623762376237624
