auROC	log2(auPRC/prior)	log2(P@r10/prior)	log2(P@r20/prior)	log2(P@r50/prior)	R@r10	R@r20	R@r50
0.5994602013864058	0.09300122902277053	0.4608511522211069	0.29092615077879447	-0.07680563372169266	0.009944751381215469	0.017679558011049725	0.03425414364640884
