auROC	log2(auPRC/prior)	log2(P@r10/prior)	log2(P@r20/prior)	log2(P@r50/prior)	R@r10	R@r20	R@r50
0.858193668528864	2.437836594070058	2.8504994137581203	2.6984963203130703	2.3765682254257077	0.125	0.225	0.45
