auROC	log2(auPRC/prior)	log2(P@r10/prior)	log2(P@r20/prior)	log2(P@r50/prior)	R@r10	R@r20	R@r50
0.7924697445091886	1.347031492744307	1.5511147302374835	2.0105463488747803	1.5511147302374835	0.08695652173913043	0.2391304347826087	0.43478260869565216
