auROC	log2(auPRC/prior)	log2(P@r10/prior)	log2(P@r20/prior)	log2(P@r50/prior)	R@r10	R@r20	R@r50
0.7906499226282585	2.0220759778467747	2.5472428347719975	2.7696352561084456	2.3407919573045715	0.0967741935483871	0.22580645161290322	0.41935483870967744
