auROC	log2(auPRC/prior)	log2(P@r10/prior)	log2(P@r20/prior)	log2(P@r50/prior)	R@r10	R@r20	R@r50
0.668488160291439	1.532030183668865	2.730012833524439	2.145050332803283	1.408084738637077	0.11538461538461539	0.15384615384615385	0.23076923076923078
