auROC	log2(auPRC/prior)	log2(P@r10/prior)	log2(P@r20/prior)	log2(P@r50/prior)	R@r10	R@r20	R@r50
0.867827868852459	3.742889977981091	4.405141463136344	3.627533884472792	2.668175868970138	0.375	0.4375	0.5625
