auROC	log2(auPRC/prior)	log2(P@r10/prior)	log2(P@r20/prior)	log2(P@r50/prior)	R@r10	R@r20	R@r50
0.5	0.0	0.4879380463262917	-0.5120619536737083	0.7509724521600853	0.024390243902439025	0.024390243902439025	0.14634146341463414
