auROC	log2(auPRC/prior)	log2(P@r10/prior)	log2(P@r20/prior)	log2(P@r50/prior)	R@r10	R@r20	R@r50
0.7248978803907185	0.11237666547742521	0.04814158890237852	0.12614410090365155	0.17099833668791178	0.0030508474576271187	0.006440677966101695	0.016610169491525422
