auROC	log2(auPRC/prior)	log2(P@r10/prior)	log2(P@r20/prior)	log2(P@r50/prior)	R@r10	R@r20	R@r50
0.6851404409543944	1.0423274237178108	1.62317365896374	1.430528581021344	1.47117056551869	0.05194805194805195	0.09090909090909091	0.23376623376623376
