auROC	log2(auPRC/prior)	log2(P@r10/prior)	log2(P@r20/prior)	log2(P@r50/prior)	R@r10	R@r20	R@r50
0.7402563658409839	0.8095043101411789	0.7200200871106086	1.179451705747906	1.1529794943867147	0.024844720496894408	0.06832298136645963	0.16770186335403728
