auROC	log2(auPRC/prior)	log2(P@r10/prior)	log2(P@r20/prior)	log2(P@r50/prior)	R@r10	R@r20	R@r50
0.7754433962264151	0.7954378823650675	0.9162473236900132	1.0157829972409278	0.9964176723739966	0.028	0.06	0.148
