auROC	log2(auPRC/prior)	log2(P@r10/prior)	log2(P@r20/prior)	log2(P@r50/prior)	R@r10	R@r20	R@r50
0.5	0.0	-inf	-inf	0.44663434417318265	0.0	0.0	0.14285714285714285
