auROC	log2(auPRC/prior)	log2(P@r10/prior)	log2(P@r20/prior)	log2(P@r50/prior)	R@r10	R@r20	R@r50
0.7261638137897937	1.7762144944687757	2.735429995254981	2.583426901809931	2.2208568224252225	0.10638297872340426	0.19148936170212766	0.3723404255319149
