auROC	log2(auPRC/prior)	log2(P@r10/prior)	log2(P@r20/prior)	log2(P@r50/prior)	R@r10	R@r20	R@r50
0.7705660664661769	1.1226185638459225	1.7018644012344	1.286826901955556	1.3185357616828943	0.05504587155963303	0.08256880733944955	0.21100917431192662
