auROC	log2(auPRC/prior)	log2(P@r10/prior)	log2(P@r20/prior)	log2(P@r50/prior)	R@r10	R@r20	R@r50
0.64879345603272	0.7544251589271456	2.236339539168374	1.5582676340557362	0.7217663663386156	0.08	0.1	0.14
