auROC	log2(auPRC/prior)	log2(P@r10/prior)	log2(P@r20/prior)	log2(P@r50/prior)	R@r10	R@r20	R@r50
0.8299611099432416	2.269504345683765	2.94380249330595	2.773877491863638	2.4963435163347287	0.1267605633802817	0.22535211267605634	0.4647887323943662
