auROC	log2(auPRC/prior)	log2(P@r10/prior)	log2(P@r20/prior)	log2(P@r50/prior)	R@r10	R@r20	R@r50
0.8432747549847921	2.115575352223939	2.316014055465563	2.4155497290164774	2.5086591334079587	0.07954545454545454	0.17045454545454544	0.45454545454545453
