auROC	log2(auPRC/prior)	log2(P@r10/prior)	log2(P@r20/prior)	log2(P@r50/prior)	R@r10	R@r20	R@r50
0.6872353297035693	2.921592510123441	3.230100516471711	2.230100516471711	1.9081724215843487	0.16666666666666666	0.16666666666666666	0.3333333333333333
