auROC	log2(auPRC/prior)	log2(P@r10/prior)	log2(P@r20/prior)	log2(P@r50/prior)	R@r10	R@r20	R@r50
0.6747791695414306	0.40216056528212	0.7681161296862545	0.9380411311285668	0.4905821541573457	0.01873536299765808	0.04215456674473068	0.07728337236533958
