auROC	log2(auPRC/prior)	log2(P@r10/prior)	log2(P@r20/prior)	log2(P@r50/prior)	R@r10	R@r20	R@r50
0.6924435028248587	0.7770999562076155	-inf	-inf	-0.1440103026915193	0.0	0.0	0.125
