auROC	log2(auPRC/prior)	log2(P@r10/prior)	log2(P@r20/prior)	log2(P@r50/prior)	R@r10	R@r20	R@r50
0.8204010462074978	2.7364844780908264	3.608169891882482	3.067601510519779	2.4561667984374314	0.21621621621621623	0.2972972972972973	0.4864864864864865
