auROC	log2(auPRC/prior)	log2(P@r10/prior)	log2(P@r20/prior)	log2(P@r50/prior)	R@r10	R@r20	R@r50
0.7195005718642775	1.2409408343910302	2.2416901710825963	1.919762076195234	1.1827964820290275	0.08196721311475409	0.13114754098360656	0.19672131147540983
