auROC	log2(auPRC/prior)	log2(P@r10/prior)	log2(P@r20/prior)	log2(P@r50/prior)	R@r10	R@r20	R@r50
0.8321167883211679	7.118717848981628	4.78135971352466	3.7813597135246595	2.4594316186372973	0.5	0.5	0.5
