auROC	log2(auPRC/prior)	log2(P@r10/prior)	log2(P@r20/prior)	log2(P@r50/prior)	R@r10	R@r20	R@r50
0.5861231101511879	0.21071418057306399	-inf	-0.8767250918565088	0.3038471537853121	0.0	0.017045454545454544	0.09659090909090909
