auROC	log2(auPRC/prior)	log2(P@r10/prior)	log2(P@r20/prior)	log2(P@r50/prior)	R@r10	R@r20	R@r50
0.7189826302729528	1.1446387342246727	2.0077976907235553	1.744763284889761	1.6034074356442198	0.06293706293706294	0.1048951048951049	0.23776223776223776
