auROC	log2(auPRC/prior)	log2(P@r10/prior)	log2(P@r20/prior)	log2(P@r50/prior)	R@r10	R@r20	R@r50
0.8736162361623616	2.808603468254863	-inf	-inf	2.4436066514756147	0.0	0.0	0.5
