auROC	log2(auPRC/prior)	log2(P@r10/prior)	log2(P@r20/prior)	log2(P@r50/prior)	R@r10	R@r20	R@r50
0.8450520833333333	3.047492907407951	3.8278190246173196	3.4127815253384757	2.6213681471498935	0.25	0.375	0.5416666666666666
