auROC	log2(auPRC/prior)	log2(P@r10/prior)	log2(P@r20/prior)	log2(P@r50/prior)	R@r10	R@r20	R@r50
0.6720934507219248	0.2540581016486903	0.4736283507292666	0.3037033492869543	0.4412068730368892	0.009081735620585268	0.016145307769929364	0.044399596367305755
