auROC	log2(auPRC/prior)	log2(P@r10/prior)	log2(P@r20/prior)	log2(P@r50/prior)	R@r10	R@r20	R@r50
0.8539782588837124	2.8051989309164886	3.2952929683838956	3.188377764467384	2.6895719074959423	0.17073170731707318	0.3170731707317073	0.5609756097560976
