auROC	log2(auPRC/prior)	log2(P@r10/prior)	log2(P@r20/prior)	log2(P@r50/prior)	R@r10	R@r20	R@r50
0.7239721172022684	0.4954150718672737	0.9855004303048851	0.7224660244710912	0.7790495528374587	0.01956521739130435	0.03260869565217391	0.08478260869565217
