auROC	log2(auPRC/prior)	log2(P@r10/prior)	log2(P@r20/prior)	log2(P@r50/prior)	R@r10	R@r20	R@r50
0.9054054054054054	3.1827018305063413	3.6360366853154256	3.3364764034565173	2.9579647802027877	0.21621621621621623	0.35135135135135137	0.6756756756756757
