auROC	log2(auPRC/prior)	log2(P@r10/prior)	log2(P@r20/prior)	log2(P@r50/prior)	R@r10	R@r20	R@r50
0.7192596119509582	1.9896140331942649	2.4712294242038233	2.4712294242038233	1.7342638300376174	0.0967741935483871	0.1935483870967742	0.2903225806451613
