auROC	log2(auPRC/prior)	log2(P@r10/prior)	log2(P@r20/prior)	log2(P@r50/prior)	R@r10	R@r20	R@r50
0.7192281579960683	0.2739695610805227	0.21951168379507788	0.21951168379507788	0.35701520754501276	0.008592910848549946	0.017185821697099892	0.047261009667024706
