auROC	log2(auPRC/prior)	log2(P@r10/prior)	log2(P@r20/prior)	log2(P@r50/prior)	R@r10	R@r20	R@r50
0.7698756642418615	1.285056771625976	1.9545895403100535	1.9545895403100535	1.7201242866730306	0.056338028169014086	0.11267605633802817	0.23943661971830985
