auROC	log2(auPRC/prior)	log2(P@r10/prior)	log2(P@r20/prior)	log2(P@r50/prior)	R@r10	R@r20	R@r50
0.823063490954809	1.3953187160170892	1.497240158608369	1.7196325799448169	1.7196325799448169	0.04316546762589928	0.10071942446043165	0.2517985611510791
