auROC	log2(auPRC/prior)	log2(P@r10/prior)	log2(P@r20/prior)	log2(P@r50/prior)	R@r10	R@r20	R@r50
0.7572342210106942	1.1520065576212941	1.1900325748908873	1.412424996227335	1.5310694927259543	0.039473684210526314	0.09210526315789473	0.25
