auROC	log2(auPRC/prior)	log2(P@r10/prior)	log2(P@r20/prior)	log2(P@r50/prior)	R@r10	R@r20	R@r50
0.7856477166821995	1.7558535486797815	2.645844742868179	2.4759197414258667	2.108187956925379	0.10344827586206896	0.1839080459770115	0.3563218390804598
