auROC	log2(auPRC/prior)	log2(P@r10/prior)	log2(P@r20/prior)	log2(P@r50/prior)	R@r10	R@r20	R@r50
0.7105195274209359	0.7554168519564568	1.276517635197416	1.124514541752366	0.9545895403100536	0.035211267605633804	0.06338028169014084	0.14084507042253522
