auROC	log2(auPRC/prior)	log2(P@r10/prior)	log2(P@r20/prior)	log2(P@r50/prior)	R@r10	R@r20	R@r50
0.8332861990950226	2.470475086334969	2.7174127967448056	2.9398052180812533	2.7174127967448056	0.11538461538461539	0.2692307692307692	0.5769230769230769
