auROC	log2(auPRC/prior)	log2(P@r10/prior)	log2(P@r20/prior)	log2(P@r50/prior)	R@r10	R@r20	R@r50
0.5	0.0	1.0832133682489817	0.6681758689701378	0.8487481146119586	0.03125	0.046875	0.1328125
