auROC	log2(auPRC/prior)	log2(P@r10/prior)	log2(P@r20/prior)	log2(P@r50/prior)	R@r10	R@r20	R@r50
0.7378755154133123	0.8977575624532816	1.5383124074223349	1.345667329479939	1.1232749081434912	0.045454545454545456	0.07954545454545454	0.17045454545454544
