auROC	log2(auPRC/prior)	log2(P@r10/prior)	log2(P@r20/prior)	log2(P@r50/prior)	R@r10	R@r20	R@r50
0.5412289915966386	1.308327160923061	1.9948382948842212	0.9948382948842212	-0.3270898000031412	0.07142857142857142	0.07142857142857142	0.07142857142857142
