auROC	log2(auPRC/prior)	log2(P@r10/prior)	log2(P@r20/prior)	log2(P@r50/prior)	R@r10	R@r20	R@r50
0.847811320754717	0.9786424714939146	0.9162473236900132	1.108892401632409	1.108892401632409	0.028	0.064	0.16
