auROC	log2(auPRC/prior)	log2(P@r10/prior)	log2(P@r20/prior)	log2(P@r50/prior)	R@r10	R@r20	R@r50
0.5837638062871708	0.04928254840540768	-1.429189061547504	-1.429189061547504	-1.0506774382937742	0.003115264797507788	0.006230529595015576	0.020249221183800622
