auROC	log2(auPRC/prior)	log2(P@r10/prior)	log2(P@r20/prior)	log2(P@r50/prior)	R@r10	R@r20	R@r50
0.7494425863991081	2.8724624392339844	4.119739244274096	3.441667339161458	2.3827736501078896	0.3076923076923077	0.38461538461538464	0.46153846153846156
