auROC	log2(auPRC/prior)	log2(P@r10/prior)	log2(P@r20/prior)	log2(P@r50/prior)	R@r10	R@r20	R@r50
0.8315487571701721	2.00076196549352	2.0780974230266613	2.300489844363109	1.9785617494757468	0.075	0.175	0.35
