auROC	log2(auPRC/prior)	log2(P@r10/prior)	log2(P@r20/prior)	log2(P@r50/prior)	R@r10	R@r20	R@r50
0.6925868186216536	0.8807614437541034	1.7450706438032615	1.0669987386906237	0.5930675503582112	0.056338028169014086	0.07042253521126761	0.1267605633802817
