auROC	log2(auPRC/prior)	log2(P@r10/prior)	log2(P@r20/prior)	log2(P@r50/prior)	R@r10	R@r20	R@r50
0.9105839416058393	3.8014784607715297	4.090853430451113	3.6758159311722696	2.8844025529836874	0.3	0.45	0.65
