auROC	log2(auPRC/prior)	log2(P@r10/prior)	log2(P@r20/prior)	log2(P@r50/prior)	R@r10	R@r20	R@r50
0.8028233151183971	3.1457336767937356	4.093391153253013	3.6783536539741695	2.645932176281792	0.3	0.45	0.55
