auROC	log2(auPRC/prior)	log2(P@r10/prior)	log2(P@r20/prior)	log2(P@r50/prior)	R@r10	R@r20	R@r50
0.521222836251738	0.02635157204871523	0.7151188918679575	0.3000813925891135	-0.21449178024064466	0.015414258188824663	0.023121387283236993	0.04046242774566474
