auROC	log2(auPRC/prior)	log2(P@r10/prior)	log2(P@r20/prior)	log2(P@r50/prior)	R@r10	R@r20	R@r50
0.6642437983462256	0.32779978404412796	-1.387567896094438	-2.387567896094438	-0.9021410689241961	0.006134969325153374	0.006134969325153374	0.04294478527607362
