auROC	log2(auPRC/prior)	log2(P@r10/prior)	log2(P@r20/prior)	log2(P@r50/prior)	R@r10	R@r20	R@r50
0.6260600936286406	0.1170079475421206	0.19816355522729107	0.1050541508358095	0.23378746495801228	0.0071301247771836	0.013368983957219251	0.036541889483065956
