auROC	log2(auPRC/prior)	log2(P@r10/prior)	log2(P@r20/prior)	log2(P@r50/prior)	R@r10	R@r20	R@r50
0.6988227025127395	2.0837328907359645	3.0077080951352633	3.0077080951352633	2.1008174995267446	0.14285714285714285	0.2857142857142857	0.38095238095238093
