auROC	log2(auPRC/prior)	log2(P@r10/prior)	log2(P@r20/prior)	log2(P@r50/prior)	R@r10	R@r20	R@r50
0.7733344349885702	0.8042375698205219	1.2439255828860891	1.0094603292490663	1.0919224894410393	0.02506265664160401	0.042606516290726815	0.11278195488721804
