auROC	log2(auPRC/prior)	log2(P@r10/prior)	log2(P@r20/prior)	log2(P@r50/prior)	R@r10	R@r20	R@r50
0.6073007452317797	0.3788398241273025	-inf	-inf	0.2505434616505967	0.0	0.0	0.10344827586206896
