auROC	log2(auPRC/prior)	log2(P@r10/prior)	log2(P@r20/prior)	log2(P@r50/prior)	R@r10	R@r20	R@r50
0.8355872231108527	2.4716246567722204	3.1273793064762274	3.0018484243923687	2.4684162243112944	0.15384615384615385	0.28205128205128205	0.48717948717948717
