auROC	log2(auPRC/prior)	log2(P@r10/prior)	log2(P@r20/prior)	log2(P@r50/prior)	R@r10	R@r20	R@r50
0.8572538055296676	2.011895675522761	2.645844742868179	2.563382582676206	2.2832746634834704	0.10344827586206896	0.19540229885057472	0.40229885057471265
