auROC	log2(auPRC/prior)	log2(P@r10/prior)	log2(P@r20/prior)	log2(P@r50/prior)	R@r10	R@r20	R@r50
0.8430059523809523	1.813813160662005	2.273018494406416	2.273018494406416	1.9510903995190536	0.08333333333333333	0.16666666666666666	0.3333333333333333
