auROC	log2(auPRC/prior)	log2(P@r10/prior)	log2(P@r20/prior)	log2(P@r50/prior)	R@r10	R@r20	R@r50
0.7750273251192369	0.7553519762657727	1.1539513652345716	1.1539513652345716	1.0950576761810031	0.02252252252252252	0.04504504504504504	0.10810810810810811
