auROC	log2(auPRC/prior)	log2(P@r10/prior)	log2(P@r20/prior)	log2(P@r50/prior)	R@r10	R@r20	R@r50
0.6895981554677207	0.6618820480198937	1.4364526173142027	1.3539904571222297	1.1925270344281136	0.03272727272727273	0.06181818181818182	0.13818181818181818
