auROC	log2(auPRC/prior)	log2(P@r10/prior)	log2(P@r20/prior)	log2(P@r50/prior)	R@r10	R@r20	R@r50
0.797433962264151	0.8047289428109319	0.6938549023535652	0.8093321197735014	0.9568893081873591	0.024	0.052	0.144
