auROC	log2(auPRC/prior)	log2(P@r10/prior)	log2(P@r20/prior)	log2(P@r50/prior)	R@r10	R@r20	R@r50
0.5144810217665048	0.4832824842527575	1.2248150836033038	0.22481508360330374	-1.0971130112840586	0.0392156862745098	0.0392156862745098	0.0392156862745098
