auROC	log2(auPRC/prior)	log2(P@r10/prior)	log2(P@r20/prior)	log2(P@r50/prior)	R@r10	R@r20	R@r50
0.8330033936651584	2.7722693934939615	3.1324502960236495	3.4543783909110117	2.7174127967448056	0.15384615384615385	0.38461538461538464	0.5769230769230769
