auROC	log2(auPRC/prior)	log2(P@r10/prior)	log2(P@r20/prior)	log2(P@r50/prior)	R@r10	R@r20	R@r50
0.9118338327751336	2.8456287368642608	3.3008322594318544	3.1488291659868044	2.9049035831007153	0.16129032258064516	0.2903225806451613	0.6129032258064516
