auROC	log2(auPRC/prior)	log2(P@r10/prior)	log2(P@r20/prior)	log2(P@r50/prior)	R@r10	R@r20	R@r50
0.7835753176043556	2.3611065230100774	2.513490745588118	2.513490745588118	2.361487652143068	0.1	0.2	0.45
