auROC	log2(auPRC/prior)	log2(P@r10/prior)	log2(P@r20/prior)	log2(P@r50/prior)	R@r10	R@r20	R@r50
0.6846011131725418	1.9855628314706026	3.1832218240557704	2.1832218240557704	0.8612937291684077	0.16666666666666666	0.16666666666666666	0.16666666666666666
