auROC	log2(auPRC/prior)	log2(P@r10/prior)	log2(P@r20/prior)	log2(P@r50/prior)	R@r10	R@r20	R@r50
0.746358808173553	0.8648543063404098	1.493256941592666	1.1936966597337582	1.3807822123342532	0.0380952380952381	0.06190476190476191	0.1761904761904762
