auROC	log2(auPRC/prior)	log2(P@r10/prior)	log2(P@r20/prior)	log2(P@r50/prior)	R@r10	R@r20	R@r50
0.8182495344506517	2.1780958340537193	3.1135338195919138	2.6984963203130703	2.0139981460409997	0.15	0.225	0.35
