auROC	log2(auPRC/prior)	log2(P@r10/prior)	log2(P@r20/prior)	log2(P@r50/prior)	R@r10	R@r20	R@r50
0.6772843822843823	0.38458432491930056	0.9691540330472409	0.7992290316049284	0.5647637779679058	0.019230769230769232	0.03418803418803419	0.07264957264957266
