auROC	log2(auPRC/prior)	log2(P@r10/prior)	log2(P@r20/prior)	log2(P@r50/prior)	R@r10	R@r20	R@r50
0.7197661698345412	0.5069829097339413	0.9310704081036452	0.8570698266598683	0.8721767190500765	0.017605633802816902	0.03345070422535211	0.08450704225352113
