auROC	log2(auPRC/prior)	log2(P@r10/prior)	log2(P@r20/prior)	log2(P@r50/prior)	R@r10	R@r20	R@r50
0.7620473201352004	1.5405493738557128	1.5696957440678458	2.154658244789002	1.5696957440678458	0.05263157894736842	0.15789473684210525	0.2631578947368421
