auROC	log2(auPRC/prior)	log2(P@r10/prior)	log2(P@r20/prior)	log2(P@r50/prior)	R@r10	R@r20	R@r50
0.772125912408759	2.929658261261997	3.402585758232587	3.1395513523987937	2.495695162624069	0.1875	0.3125	0.5
