auROC	log2(auPRC/prior)	log2(P@r10/prior)	log2(P@r20/prior)	log2(P@r50/prior)	R@r10	R@r20	R@r50
0.8670780399274047	3.6175725499067064	3.7891032175013812	3.904580434921318	3.052137623335175	0.24	0.52	0.72
