auROC	log2(auPRC/prior)	log2(P@r10/prior)	log2(P@r20/prior)	log2(P@r50/prior)	R@r10	R@r20	R@r50
0.7008350706099902	0.6730214423816596	1.3103775305368475	1.3883800425381203	1.140452529094535	0.028938906752411574	0.06109324758842444	0.12861736334405144
