auROC	log2(auPRC/prior)	log2(P@r10/prior)	log2(P@r20/prior)	log2(P@r50/prior)	R@r10	R@r20	R@r50
0.8610849056603773	2.6183890643312426	3.134426320220926	3.2719298439708613	2.6604951318885135	0.15625	0.34375	0.5625
