auROC	log2(auPRC/prior)	log2(P@r10/prior)	log2(P@r20/prior)	log2(P@r50/prior)	R@r10	R@r20	R@r50
0.8567987135285985	1.1783863058791841	1.5427507405657175	1.3082854869286944	1.4224565068480055	0.03460207612456748	0.058823529411764705	0.15916955017301038
