auROC	log2(auPRC/prior)	log2(P@r10/prior)	log2(P@r20/prior)	log2(P@r50/prior)	R@r10	R@r20	R@r50
0.6652254054160048	0.3540091683073484	0.7646458399633899	0.6906452585196129	0.6753785018663024	0.013089005235602094	0.024869109947643978	0.061518324607329845
