auROC	log2(auPRC/prior)	log2(P@r10/prior)	log2(P@r20/prior)	log2(P@r50/prior)	R@r10	R@r20	R@r50
0.7448462929475588	2.513122967997104	3.4931349223055053	2.4931349223055053	2.1712068274181426	0.2	0.2	0.4
