auROC	log2(auPRC/prior)	log2(P@r10/prior)	log2(P@r20/prior)	log2(P@r50/prior)	R@r10	R@r20	R@r50
0.7642406266636246	0.6677681517097235	0.9370304556805159	1.0150329676817889	1.0301398600719973	0.020833333333333332	0.04398148148148148	0.1111111111111111
