auROC	log2(auPRC/prior)	log2(P@r10/prior)	log2(P@r20/prior)	log2(P@r50/prior)	R@r10	R@r20	R@r50
0.7805170347543229	1.943349356592151	2.4402274077401453	2.4402274077401453	2.233776530272719	0.09090909090909091	0.18181818181818182	0.3939393939393939
