auROC	log2(auPRC/prior)	log2(P@r10/prior)	log2(P@r20/prior)	log2(P@r50/prior)	R@r10	R@r20	R@r50
0.7134551495016611	0.9790132928527452	1.62317365896374	1.9451017538511022	1.208136159684896	0.05194805194805195	0.12987012987012986	0.19480519480519481
