auROC	log2(auPRC/prior)	log2(P@r10/prior)	log2(P@r20/prior)	log2(P@r50/prior)	R@r10	R@r20	R@r50
0.8062661011215487	1.3171079319970942	1.9218767755323645	1.8478761940885875	1.6703380085364001	0.060240963855421686	0.1144578313253012	0.25301204819277107
