auROC	log2(auPRC/prior)	log2(P@r10/prior)	log2(P@r20/prior)	log2(P@r50/prior)	R@r10	R@r20	R@r50
0.8794967470340604	3.2019922678959776	3.882015926969489	3.5600878320821265	2.882015926969489	0.2564102564102564	0.41025641025641024	0.6410256410256411
