auROC	log2(auPRC/prior)	log2(P@r10/prior)	log2(P@r20/prior)	log2(P@r50/prior)	R@r10	R@r20	R@r50
0.7504670516304347	1.2651271388621546	2.0874628412503395	1.994353436858858	1.765534746362977	0.0625	0.1171875	0.25
