auROC	log2(auPRC/prior)	log2(P@r10/prior)	log2(P@r20/prior)	log2(P@r50/prior)	R@r10	R@r20	R@r50
0.7694341943419434	2.8487814206638826	3.7384075683401123	3.390484264919806	2.4164794734527506	0.23333333333333334	0.36666666666666664	0.4666666666666667
