auROC	log2(auPRC/prior)	log2(P@r10/prior)	log2(P@r20/prior)	log2(P@r50/prior)	R@r10	R@r20	R@r50
0.6888860402512499	2.105137669118479	2.9672958349272944	2.7746507569848986	2.1047993586772296	0.13793103448275862	0.2413793103448276	0.3793103448275862
