auROC	log2(auPRC/prior)	log2(P@r10/prior)	log2(P@r20/prior)	log2(P@r50/prior)	R@r10	R@r20	R@r50
0.8330170777988615	2.28206071177286	-inf	-inf	2.403267722339301	0.0	0.0	0.5
