auROC	log2(auPRC/prior)	log2(P@r10/prior)	log2(P@r20/prior)	log2(P@r50/prior)	R@r10	R@r20	R@r50
0.8480156239101625	2.9934435612519548	3.6322682154995127	3.2172307162206693	2.6322682154995127	0.2222222222222222	0.3333333333333333	0.5555555555555556
