auROC	log2(auPRC/prior)	log2(P@r10/prior)	log2(P@r20/prior)	log2(P@r50/prior)	R@r10	R@r20	R@r50
0.7584357541899442	2.055297337310504	3.0387873305055693	2.9318721265890573	1.909504313560603	0.14	0.26	0.32
