auROC	log2(auPRC/prior)	log2(P@r10/prior)	log2(P@r20/prior)	log2(P@r50/prior)	R@r10	R@r20	R@r50
0.7462839974699558	2.5081393232221108	3.1990179129626393	3.006372835020243	2.0470148195175892	0.16666666666666666	0.2916666666666667	0.375
