auROC	log2(auPRC/prior)	log2(P@r10/prior)	log2(P@r20/prior)	log2(P@r50/prior)	R@r10	R@r20	R@r50
0.5	0.0	-inf	0.5874913270318951	1.2655632321445327	0.0	0.05263157894736842	0.21052631578947367
