auROC	log2(auPRC/prior)	log2(P@r10/prior)	log2(P@r20/prior)	log2(P@r50/prior)	R@r10	R@r20	R@r50
0.8154600781179036	1.6957235870090495	2.1626056991123717	2.355250777054768	2.077716801525859	0.06930693069306931	0.15841584158415842	0.32673267326732675
