auROC	log2(auPRC/prior)	log2(P@r10/prior)	log2(P@r20/prior)	log2(P@r50/prior)	R@r10	R@r20	R@r50
0.5202238910724313	-0.04965606684642458	-0.2835999762282629	-0.698637475507107	-0.798173149058021	0.007692307692307693	0.011538461538461539	0.026923076923076925
