auROC	log2(auPRC/prior)	log2(P@r10/prior)	log2(P@r20/prior)	log2(P@r50/prior)	R@r10	R@r20	R@r50
0.7473940048609237	0.7909825710045943	1.078219442313822	1.1936966597337582	1.0293098418328754	0.02857142857142857	0.06190476190476191	0.1380952380952381
