auROC	log2(auPRC/prior)	log2(P@r10/prior)	log2(P@r20/prior)	log2(P@r50/prior)	R@r10	R@r20	R@r50
0.6348348469018725	0.6037380969143724	1.4605716384839662	1.0455341392051223	0.7236060443177599	0.043478260869565216	0.06521739130434782	0.13043478260869565
