auROC	log2(auPRC/prior)	log2(P@r10/prior)	log2(P@r20/prior)	log2(P@r50/prior)	R@r10	R@r20	R@r50
0.6114896616541353	1.8648325112932518	3.08037341646402	2.8579809951275723	1.7584453215766578	0.14583333333333334	0.25	0.2916666666666667
