auROC	log2(auPRC/prior)	log2(P@r10/prior)	log2(P@r20/prior)	log2(P@r50/prior)	R@r10	R@r20	R@r50
0.6974272624393094	0.5460974193121214	1.2572690798781516	1.1832684984343746	1.0396776448055247	0.02518891687657431	0.04785894206549118	0.10831234256926953
