auROC	log2(auPRC/prior)	log2(P@r10/prior)	log2(P@r20/prior)	log2(P@r50/prior)	R@r10	R@r20	R@r50
0.6340898116851762	0.5597229093264461	-inf	-inf	0.24776764918048344	0.0	0.0	0.10526315789473684
