auROC	log2(auPRC/prior)	log2(P@r10/prior)	log2(P@r20/prior)	log2(P@r50/prior)	R@r10	R@r20	R@r50
0.638768115942029	2.184309406398262	1.9757524537533226	0.9757524537533226	-0.3461756411340397	0.08333333333333333	0.08333333333333333	0.08333333333333333
