auROC	log2(auPRC/prior)	log2(P@r10/prior)	log2(P@r20/prior)	log2(P@r50/prior)	R@r10	R@r20	R@r50
0.7460287202948278	1.0602105406035003	0.9197620761952341	1.2416901710825963	1.1827964820290275	0.03278688524590164	0.08196721311475409	0.19672131147540983
