auROC	log2(auPRC/prior)	log2(P@r10/prior)	log2(P@r20/prior)	log2(P@r50/prior)	R@r10	R@r20	R@r50
0.7916726114043849	1.607577344876808	2.4192252962422773	2.1196650143833695	1.8521847035183836	0.09302325581395349	0.1511627906976744	0.313953488372093
