auROC	log2(auPRC/prior)	log2(P@r10/prior)	log2(P@r20/prior)	log2(P@r50/prior)	R@r10	R@r20	R@r50
0.800066478311451	1.530791851821796	-inf	-inf	2.020833503417166	0.0	0.0	0.36363636363636365
