auROC	log2(auPRC/prior)	log2(P@r10/prior)	log2(P@r20/prior)	log2(P@r50/prior)	R@r10	R@r20	R@r50
0.751952035694367	1.4810749884587426	1.8615945099556725	1.2766320092345163	1.6551436324882463	0.06818181818181818	0.09090909090909091	0.29545454545454547
