auROC	log2(auPRC/prior)	log2(P@r10/prior)	log2(P@r20/prior)	log2(P@r50/prior)	R@r10	R@r20	R@r50
0.7709911447775526	1.2891695825548224	1.918608546649714	1.918608546649714	1.7666054532046642	0.05825242718446602	0.11650485436893204	0.2621359223300971
