auROC	log2(auPRC/prior)	log2(P@r10/prior)	log2(P@r20/prior)	log2(P@r50/prior)	R@r10	R@r20	R@r50
0.6296015180265655	0.6213089104955911	0.08158753449626213	0.666550035217418	0.7596594396088996	0.01818181818181818	0.05454545454545454	0.14545454545454545
