auROC	log2(auPRC/prior)	log2(P@r10/prior)	log2(P@r20/prior)	log2(P@r50/prior)	R@r10	R@r20	R@r50
0.8139146567717996	2.056405745296902	2.4828482830684657	2.4828482830684657	2.160920188181103	0.1	0.2	0.4
