auROC	log2(auPRC/prior)	log2(P@r10/prior)	log2(P@r20/prior)	log2(P@r50/prior)	R@r10	R@r20	R@r50
0.7807117322066948	1.9175740917576558	3.01556263512334	2.5460773518221202	2.2241492569347576	0.1323529411764706	0.19117647058823528	0.38235294117647056
