auROC	log2(auPRC/prior)	log2(P@r10/prior)	log2(P@r20/prior)	log2(P@r50/prior)	R@r10	R@r20	R@r50
0.8925318761384335	3.435356177876708	3.025535092107138	3.6104975928282936	3.1186444964986193	0.14285714285714285	0.42857142857142855	0.7619047619047619
