auROC	log2(auPRC/prior)	log2(P@r10/prior)	log2(P@r20/prior)	log2(P@r50/prior)	R@r10	R@r20	R@r50
0.8235294117647058	3.8278366283354917	4.212050477114989	3.533978572002351	2.475084882948783	0.3333333333333333	0.4166666666666667	0.5
