auROC	log2(auPRC/prior)	log2(P@r10/prior)	log2(P@r20/prior)	log2(P@r50/prior)	R@r10	R@r20	R@r50
0.5942554085276203	0.31187080410897805	-inf	-1.2606319156184893	0.0024024902153042937	0.0	0.013888888888888888	0.08333333333333333
