auROC	log2(auPRC/prior)	log2(P@r10/prior)	log2(P@r20/prior)	log2(P@r50/prior)	R@r10	R@r20	R@r50
0.766969696969697	1.3873125596057316	1.7029037580925732	1.7029037580925732	1.7029037580925732	0.05555555555555555	0.1111111111111111	0.2777777777777778
