auROC	log2(auPRC/prior)	log2(P@r10/prior)	log2(P@r20/prior)	log2(P@r50/prior)	R@r10	R@r20	R@r50
0.917778011130946	2.138813557247134	1.4877406930084884	2.1881804111495806	2.4512148169833745	0.0449438202247191	0.14606741573033707	0.43820224719101125
