auROC	log2(auPRC/prior)	log2(P@r10/prior)	log2(P@r20/prior)	log2(P@r50/prior)	R@r10	R@r20	R@r50
0.826529636711281	1.8897576207211988	1.493134922305505	2.0780974230266613	2.258669668668482	0.05	0.15	0.425
