auROC	log2(auPRC/prior)	log2(P@r10/prior)	log2(P@r20/prior)	log2(P@r50/prior)	R@r10	R@r20	R@r50
0.7151012891344383	2.508352143307913	3.740927560318628	2.9335726382610243	2.071076162010959	0.23333333333333334	0.26666666666666666	0.36666666666666664
