auROC	log2(auPRC/prior)	log2(P@r10/prior)	log2(P@r20/prior)	log2(P@r50/prior)	R@r10	R@r20	R@r50
0.5841911764705883	0.569599188428344	-inf	1.4698859762744636	0.14795788138710142	0.0	0.1	0.1
