auROC	log2(auPRC/prior)	log2(P@r10/prior)	log2(P@r20/prior)	log2(P@r50/prior)	R@r10	R@r20	R@r50
0.8215102974828374	3.2237523514856505	3.9094194219192575	3.3948462490894986	2.435488233586845	0.2631578947368421	0.3684210526315789	0.47368421052631576
