auROC	log2(auPRC/prior)	log2(P@r10/prior)	log2(P@r20/prior)	log2(P@r50/prior)	R@r10	R@r20	R@r50
0.5	0.0	-inf	0.33758135919884813	0.01565326431148558	0.0	0.045454545454545456	0.09090909090909091
