auROC	log2(auPRC/prior)	log2(P@r10/prior)	log2(P@r20/prior)	log2(P@r50/prior)	R@r10	R@r20	R@r50
0.6781581254648732	0.08885430595487538	0.08180782725722942	0.1598103392585026	0.11351668698456771	0.005441354292623942	0.011487303506650543	0.02781136638452237
