auROC	log2(auPRC/prior)	log2(P@r10/prior)	log2(P@r20/prior)	log2(P@r50/prior)	R@r10	R@r20	R@r50
0.8607438336039588	1.922765861335289	2.274859841230583	2.274859841230583	2.0524674198941355	0.08641975308641975	0.1728395061728395	0.37037037037037035
