auROC	log2(auPRC/prior)	log2(P@r10/prior)	log2(P@r20/prior)	log2(P@r50/prior)	R@r10	R@r20	R@r50
0.7362526077005651	1.1830549964097288	2.4912580478407733	1.7807646650357583	1.086867792761438	0.09278350515463918	0.1134020618556701	0.17525773195876287
