auROC	log2(auPRC/prior)	log2(P@r10/prior)	log2(P@r20/prior)	log2(P@r50/prior)	R@r10	R@r20	R@r50
0.7337289943985063	0.7363274842216393	1.197394604626718	1.197394604626718	0.8754665097393557	0.03680981595092025	0.0736196319018405	0.147239263803681
