auROC	log2(auPRC/prior)	log2(P@r10/prior)	log2(P@r20/prior)	log2(P@r50/prior)	R@r10	R@r20	R@r50
0.843331621297723	0.8551679656548877	1.1419677718945325	1.0679671904507557	1.112821426235016	0.022727272727272728	0.04318181818181818	0.11136363636363636
