auROC	log2(auPRC/prior)	log2(P@r10/prior)	log2(P@r20/prior)	log2(P@r50/prior)	R@r10	R@r20	R@r50
0.7378637280322673	1.5095968263290498	2.7573515421149497	2.172389041393793	1.5509006646475232	0.11538461538461539	0.15384615384615385	0.25
