auROC	log2(auPRC/prior)	log2(P@r10/prior)	log2(P@r20/prior)	log2(P@r50/prior)	R@r10	R@r20	R@r50
0.6925925925925926	0.843532588013441	-inf	0.6870606883398924	0.9500950941736861	0.0	0.06666666666666667	0.2
