auROC	log2(auPRC/prior)	log2(P@r10/prior)	log2(P@r20/prior)	log2(P@r50/prior)	R@r10	R@r20	R@r50
0.8218160424394719	1.2351175352853816	1.6760996627810325	1.5829902583895512	1.5636249335226198	0.04371584699453552	0.08196721311475409	0.20218579234972678
