auROC	log2(auPRC/prior)	log2(P@r10/prior)	log2(P@r20/prior)	log2(P@r50/prior)	R@r10	R@r20	R@r50
0.6715578143372172	0.40004642499224863	0.9380411311285668	0.7681161296862545	0.5754710517438584	0.02107728337236534	0.03747072599531616	0.08196721311475409
