auROC	log2(auPRC/prior)	log2(P@r10/prior)	log2(P@r20/prior)	log2(P@r50/prior)	R@r10	R@r20	R@r50
0.7954476594455386	1.2394136418955364	1.8680192099867639	1.6980942085444515	1.6240936271006747	0.055900621118012424	0.09937888198757763	0.2360248447204969
