auROC	log2(auPRC/prior)	log2(P@r10/prior)	log2(P@r20/prior)	log2(P@r50/prior)	R@r10	R@r20	R@r50
0.931009135776541	2.3048568692724705	2.295095615066092	2.4877406930084884	2.5233646027392096	0.07865168539325842	0.1797752808988764	0.4606741573033708
