auROC	log2(auPRC/prior)	log2(P@r10/prior)	log2(P@r20/prior)	log2(P@r50/prior)	R@r10	R@r20	R@r50
0.8454599056603773	2.0182408121143105	1.8124982253335638	2.6198531473911677	2.0755326311673574	0.0625	0.21875	0.375
