auROC	log2(auPRC/prior)	log2(P@r10/prior)	log2(P@r20/prior)	log2(P@r50/prior)	R@r10	R@r20	R@r50
0.7490081945889699	1.2973599547148746	2.169925001442312	1.9068905956085185	1.6780719051126374	0.07258064516129033	0.12096774193548387	0.25806451612903225
