auROC	log2(auPRC/prior)	log2(P@r10/prior)	log2(P@r20/prior)	log2(P@r50/prior)	R@r10	R@r20	R@r50
0.6388330788395082	0.5378042315200444	1.2940613014544184	0.2940613014544184	-0.027866793432944147	0.043478260869565216	0.043478260869565216	0.08695652173913043
