auROC	log2(auPRC/prior)	log2(P@r10/prior)	log2(P@r20/prior)	log2(P@r50/prior)	R@r10	R@r20	R@r50
0.8141378224716188	0.9771028095297012	1.3254425790635993	1.3254425790635993	1.2598542374360224	0.036585365853658534	0.07317073170731707	0.17479674796747968
