auROC	log2(auPRC/prior)	log2(P@r10/prior)	log2(P@r20/prior)	log2(P@r50/prior)	R@r10	R@r20	R@r50
0.7726988661726631	1.2206757197241587	1.9168919877660178	1.5018544884871738	1.5335633482145121	0.06521739130434782	0.09782608695652174	0.25
