auROC	log2(auPRC/prior)	log2(P@r10/prior)	log2(P@r20/prior)	log2(P@r50/prior)	R@r10	R@r20	R@r50
0.7688969258589511	2.1119060792020976	3.333423733725192	2.918386234446348	2.1269728562577654	0.17142857142857143	0.2571428571428571	0.37142857142857144
