auROC	log2(auPRC/prior)	log2(P@r10/prior)	log2(P@r20/prior)	log2(P@r50/prior)	R@r10	R@r20	R@r50
0.6891558841651263	1.1146110924802555	-inf	0.6348513765135154	1.897885782347309	0.0	0.05555555555555555	0.3333333333333333
