auROC	log2(auPRC/prior)	log2(P@r10/prior)	log2(P@r20/prior)	log2(P@r50/prior)	R@r10	R@r20	R@r50
0.7742499856593815	0.441566349997494	0.7032672197709864	0.7032672197709864	0.6443735307174179	0.013422818791946308	0.026845637583892617	0.06442953020134229
