auROC	log2(auPRC/prior)	log2(P@r10/prior)	log2(P@r20/prior)	log2(P@r50/prior)	R@r10	R@r20	R@r50
0.8206214856466411	1.5309745541511741	2.1750867065580914	2.1010861251143145	1.816632735645615	0.06451612903225806	0.12258064516129032	0.25161290322580643
