auROC	log2(auPRC/prior)	log2(P@r10/prior)	log2(P@r20/prior)	log2(P@r50/prior)	R@r10	R@r20	R@r50
0.6542043037003453	0.5820270729035204	-inf	-inf	0.842542476462842	0.0	0.0	0.1509433962264151
