auROC	log2(auPRC/prior)	log2(P@r10/prior)	log2(P@r20/prior)	log2(P@r50/prior)	R@r10	R@r20	R@r50
0.8456399769283205	0.8700650547178375	1.1723890413937934	1.1723890413937934	1.113495352340225	0.02564102564102564	0.05128205128205128	0.12307692307692308
