auROC	log2(auPRC/prior)	log2(P@r10/prior)	log2(P@r20/prior)	log2(P@r50/prior)	R@r10	R@r20	R@r50
0.8256487527205759	2.2722008878783773	2.9280687878436873	2.9280687878436873	2.4426419606734457	0.12727272727272726	0.2545454545454545	0.45454545454545453
