auROC	log2(auPRC/prior)	log2(P@r10/prior)	log2(P@r20/prior)	log2(P@r50/prior)	R@r10	R@r20	R@r50
0.8215766689450901	0.8874770936862326	1.2500193407987636	1.2500193407987636	1.2208729951392472	0.02506265664160401	0.05012531328320802	0.12280701754385964
