auROC	log2(auPRC/prior)	log2(P@r10/prior)	log2(P@r20/prior)	log2(P@r50/prior)	R@r10	R@r20	R@r50
0.5241425241425242	0.7249873861428509	2.3401738038153725	1.3401738038153723	0.018245708928009766	0.09090909090909091	0.09090909090909091	0.09090909090909091
