auROC	log2(auPRC/prior)	log2(P@r10/prior)	log2(P@r20/prior)	log2(P@r50/prior)	R@r10	R@r20	R@r50
0.7886094069529653	1.3589808193461446	2.0436944612259778	1.6957711578056711	1.6148511624221036	0.07	0.11	0.26
