auROC	log2(auPRC/prior)	log2(P@r10/prior)	log2(P@r20/prior)	log2(P@r50/prior)	R@r10	R@r20	R@r50
0.7067830738714912	0.9076293389235554	2.2058259529484197	1.3578290463934697	0.9619003700623305	0.07086614173228346	0.07874015748031496	0.14960629921259844
