auROC	log2(auPRC/prior)	log2(P@r10/prior)	log2(P@r20/prior)	log2(P@r50/prior)	R@r10	R@r20	R@r50
0.7335315985130112	1.5320666735536483	2.521553330545095	2.258518924711301	2.1171630754657595	0.09	0.15	0.34
