auROC	log2(auPRC/prior)	log2(P@r10/prior)	log2(P@r20/prior)	log2(P@r50/prior)	R@r10	R@r20	R@r50
0.7117703349282296	1.2104491742288062	2.5824292339756343	1.5824292339756343	0.8454636398094278	0.10526315789473684	0.10526315789473684	0.15789473684210525
