auROC	log2(auPRC/prior)	log2(P@r10/prior)	log2(P@r20/prior)	log2(P@r50/prior)	R@r10	R@r20	R@r50
0.7439289669356115	1.0044237803037408	1.325456906367609	1.6473850012549711	1.325456906367609	0.04081632653061224	0.10204081632653061	0.20408163265306123
