auROC	log2(auPRC/prior)	log2(P@r10/prior)	log2(P@r20/prior)	log2(P@r50/prior)	R@r10	R@r20	R@r50
0.6584967320261438	0.42642973699864384	-inf	-0.1963972128035033	-0.1963972128035033	0.0	0.030303030303030304	0.07575757575757576
