auROC	log2(auPRC/prior)	log2(P@r10/prior)	log2(P@r20/prior)	log2(P@r50/prior)	R@r10	R@r20	R@r50
0.6978214564965353	0.5021089908237251	1.156206720194532	0.8931723143607383	0.7087477432233108	0.028391167192429023	0.0473186119873817	0.10410094637223975
