auROC	log2(auPRC/prior)	log2(P@r10/prior)	log2(P@r20/prior)	log2(P@r50/prior)	R@r10	R@r20	R@r50
0.7378494857308417	1.0341995720534518	1.5751482108942003	1.4496173288103418	1.368697333426774	0.05084745762711865	0.09322033898305085	0.22033898305084745
