auROC	log2(auPRC/prior)	log2(P@r10/prior)	log2(P@r20/prior)	log2(P@r50/prior)	R@r10	R@r20	R@r50
0.8382037852636591	2.455427647546446	3.1322053354931536	3.049743175301181	2.498333234291051	0.14516129032258066	0.27419354838709675	0.46774193548387094
