auROC	log2(auPRC/prior)	log2(P@r10/prior)	log2(P@r20/prior)	log2(P@r50/prior)	R@r10	R@r20	R@r50
0.6773088477914743	0.34168942547091363	0.7798885199147906	0.8578910319160635	0.6803528463638762	0.0162748643761302	0.034358047016274866	0.0759493670886076
