auROC	log2(auPRC/prior)	log2(P@r10/prior)	log2(P@r20/prior)	log2(P@r50/prior)	R@r10	R@r20	R@r50
0.7213304044159062	0.4629897928936808	0.6916695085133602	0.7791323497636995	0.7960061683280957	0.015151515151515152	0.032196969696969696	0.08143939393939394
