auROC	log2(auPRC/prior)	log2(P@r10/prior)	log2(P@r20/prior)	log2(P@r50/prior)	R@r10	R@r20	R@r50
0.841189496994622	3.3142739596890425	3.9849978366607535	3.569960337381909	2.7505325830237304	0.27586206896551724	0.41379310344827586	0.5862068965517241
