auROC	log2(auPRC/prior)	log2(P@r10/prior)	log2(P@r20/prior)	log2(P@r50/prior)	R@r10	R@r20	R@r50
0.5135708328368879	-0.026297100889529766	-1.1395659902068271	-1.1395659902068271	-0.8765315843730335	0.006493506493506494	0.012987012987012988	0.03896103896103896
