auROC	log2(auPRC/prior)	log2(P@r10/prior)	log2(P@r20/prior)	log2(P@r50/prior)	R@r10	R@r20	R@r50
0.7498453927025355	2.645233687600782	3.1832218240557704	3.1832218240557704	1.8612937291684077	0.16666666666666666	0.3333333333333333	0.3333333333333333
