auROC	log2(auPRC/prior)	log2(P@r10/prior)	log2(P@r20/prior)	log2(P@r50/prior)	R@r10	R@r20	R@r50
0.7535987404408456	0.9871836719019619	1.5136237190008939	1.6131593925518084	1.139228204219396	0.046052631578947366	0.09868421052631579	0.17763157894736842
