auROC	log2(auPRC/prior)	log2(P@r10/prior)	log2(P@r20/prior)	log2(P@r50/prior)	R@r10	R@r20	R@r50
0.6250283061594204	0.5694733271371897	1.0874628412503393	1.4093909361377017	0.8529975876133166	0.03125	0.078125	0.1328125
