auROC	log2(auPRC/prior)	log2(P@r10/prior)	log2(P@r20/prior)	log2(P@r50/prior)	R@r10	R@r20	R@r50
0.7752090047172013	2.3963725172250783	3.17730453180791	2.914270125974116	2.5923420310867535	0.15384615384615385	0.2564102564102564	0.5128205128205128
