auROC	log2(auPRC/prior)	log2(P@r10/prior)	log2(P@r20/prior)	log2(P@r50/prior)	R@r10	R@r20	R@r50
0.6719715047725996	0.48778094021893564	1.0383281186590994	0.9643275372153225	0.9180338849413876	0.019230769230769232	0.03653846153846154	0.08846153846153847
