auROC	log2(auPRC/prior)	log2(P@r10/prior)	log2(P@r20/prior)	log2(P@r50/prior)	R@r10	R@r20	R@r50
0.8508099173553718	2.466871961801887	3.137503523749935	3.0443941193584534	2.4594316186372973	0.14545454545454545	0.2727272727272727	0.45454545454545453
