auROC	log2(auPRC/prior)	log2(P@r10/prior)	log2(P@r20/prior)	log2(P@r50/prior)	R@r10	R@r20	R@r50
0.9061423650975888	3.1509135974929063	3.5600878320821265	3.4669784276906452	2.993047239358233	0.20512820512820512	0.38461538461538464	0.6923076923076923
