auROC	log2(auPRC/prior)	log2(P@r10/prior)	log2(P@r20/prior)	log2(P@r50/prior)	R@r10	R@r20	R@r50
0.7265917602996255	1.469952864501102	1.1723890413937934	1.9797439634513974	1.7573515421149495	0.038461538461538464	0.1346153846153846	0.28846153846153844
