auROC	log2(auPRC/prior)	log2(P@r10/prior)	log2(P@r20/prior)	log2(P@r50/prior)	R@r10	R@r20	R@r50
0.7134376686454398	1.2877252351413029	2.546743178490666	1.80977758432446	1.2248150836033038	0.09803921568627451	0.11764705882352941	0.19607843137254902
