auROC	log2(auPRC/prior)	log2(P@r10/prior)	log2(P@r20/prior)	log2(P@r50/prior)	R@r10	R@r20	R@r50
0.7284778663299929	1.0001797863514958	1.3194168757313127	1.3194168757313127	0.5824512815651065	0.043478260869565216	0.08695652173913043	0.13043478260869565
