auROC	log2(auPRC/prior)	log2(P@r10/prior)	log2(P@r20/prior)	log2(P@r50/prior)	R@r10	R@r20	R@r50
0.7848090571138898	1.8680166638600477	2.316014055465563	2.5086591334079587	2.54428304313868	0.07954545454545454	0.18181818181818182	0.4659090909090909
