auROC	log2(auPRC/prior)	log2(P@r10/prior)	log2(P@r20/prior)	log2(P@r50/prior)	R@r10	R@r20	R@r50
0.6912285665446528	0.24384655567211933	0.5841373963001019	0.5841373963001019	0.432134302855052	0.017152658662092625	0.03430531732418525	0.07718696397941681
