auROC	log2(auPRC/prior)	log2(P@r10/prior)	log2(P@r20/prior)	log2(P@r50/prior)	R@r10	R@r20	R@r50
0.8146718146718146	1.7767049933123003	2.2832746634834704	2.382810337034385	2.011972641666076	0.08045977011494253	0.1724137931034483	0.3333333333333333
