auROC	log2(auPRC/prior)	log2(P@r10/prior)	log2(P@r20/prior)	log2(P@r50/prior)	R@r10	R@r20	R@r50
0.6911113310732225	0.7616059503080619	1.8899450885529208	1.6269106827191269	0.921653948280259	0.055900621118012424	0.09316770186335403	0.14285714285714285
