auROC	log2(auPRC/prior)	log2(P@r10/prior)	log2(P@r20/prior)	log2(P@r50/prior)	R@r10	R@r20	R@r50
0.6423319327731093	2.480903667810661	1.9948382948842212	1.9948382948842212	1.6729101999968587	0.07142857142857142	0.14285714285714285	0.2857142857142857
