auROC	log2(auPRC/prior)	log2(P@r10/prior)	log2(P@r20/prior)	log2(P@r50/prior)	R@r10	R@r20	R@r50
0.6947041890013897	0.3837483867521614	0.8837814816949237	0.8013193215029506	0.6398558988088343	0.02054794520547945	0.03881278538812785	0.0867579908675799
