auROC	log2(auPRC/prior)	log2(P@r10/prior)	log2(P@r20/prior)	log2(P@r50/prior)	R@r10	R@r20	R@r50
0.6670588235294117	0.6386602437381472	0.4594316186372975	-0.5405683813627025	-0.862496476250065	0.025	0.025	0.05
