auROC	log2(auPRC/prior)	log2(P@r10/prior)	log2(P@r20/prior)	log2(P@r50/prior)	R@r10	R@r20	R@r50
0.6819993672888326	2.169444266957593	3.3069259315481156	2.9849978366607535	1.8329947432157032	0.1724137931034483	0.27586206896551724	0.3103448275862069
