auROC	log2(auPRC/prior)	log2(P@r10/prior)	log2(P@r20/prior)	log2(P@r50/prior)	R@r10	R@r20	R@r50
0.8917041674819018	2.2332832190325913	2.6922392370392316	2.59912983264775	2.414705261510323	0.10526315789473684	0.19736842105263158	0.4342105263157895
