auROC	log2(auPRC/prior)	log2(P@r10/prior)	log2(P@r20/prior)	log2(P@r50/prior)	R@r10	R@r20	R@r50
0.7344033100881915	0.34731258282865374	0.4736283507292666	0.5516308627305396	0.5363641060772293	0.009081735620585268	0.01917255297679112	0.04742684157416751
