auROC	log2(auPRC/prior)	log2(P@r10/prior)	log2(P@r20/prior)	log2(P@r50/prior)	R@r10	R@r20	R@r50
0.8090078606330996	1.8354770453988407	2.2174769309223312	2.3549804546722664	2.09718269720462	0.07936507936507936	0.1746031746031746	0.36507936507936506
