auROC	log2(auPRC/prior)	log2(P@r10/prior)	log2(P@r20/prior)	log2(P@r50/prior)	R@r10	R@r20	R@r50
0.7834530226433202	0.2836777640192142	0.4346048681263429	0.4346048681263429	0.4054585224668265	0.0070028011204481795	0.014005602240896359	0.03431372549019608
