auROC	log2(auPRC/prior)	log2(P@r10/prior)	log2(P@r20/prior)	log2(P@r50/prior)	R@r10	R@r20	R@r50
0.9084297520661156	2.8619140048774683	3.137503523749935	3.3074285251922473	2.903038270112912	0.14545454545454545	0.32727272727272727	0.6181818181818182
