auROC	log2(auPRC/prior)	log2(P@r10/prior)	log2(P@r20/prior)	log2(P@r50/prior)	R@r10	R@r20	R@r50
0.6383162439287642	0.8546354280812195	0.768028601851535	0.768028601851535	1.0310630076853287	0.029411764705882353	0.058823529411764705	0.17647058823529413
