auROC	log2(auPRC/prior)	log2(P@r10/prior)	log2(P@r20/prior)	log2(P@r50/prior)	R@r10	R@r20	R@r50
0.8075129161882894	1.8064990638424534	2.4694852833012204	2.4694852833012204	2.263034405833794	0.08653846153846154	0.17307692307692307	0.375
