auROC	log2(auPRC/prior)	log2(P@r10/prior)	log2(P@r20/prior)	log2(P@r50/prior)	R@r10	R@r20	R@r50
0.6707431504508368	0.20161680227581696	0.6099635184724781	0.2880354235851158	0.21403484214133892	0.018083182640144666	0.028933092224231464	0.06871609403254973
