auROC	log2(auPRC/prior)	log2(P@r10/prior)	log2(P@r20/prior)	log2(P@r50/prior)	R@r10	R@r20	R@r50
0.8726678765880217	3.092465976514359	3.2041407167802256	3.6635723354175225	3.052137623335175	0.16	0.44	0.72
