auROC	log2(auPRC/prior)	log2(P@r10/prior)	log2(P@r20/prior)	log2(P@r50/prior)	R@r10	R@r20	R@r50
0.6472426470588235	2.107217434903048	2.4698859762744636	1.4698859762744636	1.1479578813871014	0.1	0.1	0.2
