auROC	log2(auPRC/prior)	log2(P@r10/prior)	log2(P@r20/prior)	log2(P@r50/prior)	R@r10	R@r20	R@r50
0.7909257104869537	1.8650990900779423	2.342761598304528	2.342761598304528	1.605796004138322	0.09090909090909091	0.18181818181818182	0.2727272727272727
