auROC	log2(auPRC/prior)	log2(P@r10/prior)	log2(P@r20/prior)	log2(P@r50/prior)	R@r10	R@r20	R@r50
0.6490990990990991	0.33537478482952465	-inf	-1.341556901636295	-0.6634849965236573	0.0	0.013513513513513514	0.05405405405405406
