auROC	log2(auPRC/prior)	log2(P@r10/prior)	log2(P@r20/prior)	log2(P@r50/prior)	R@r10	R@r20	R@r50
0.5595238095238095	5.530954460551671	4.776103988073165	3.7761039880731646	2.454175893185802	0.5	0.5	0.5
