auROC	log2(auPRC/prior)	log2(P@r10/prior)	log2(P@r20/prior)	log2(P@r50/prior)	R@r10	R@r20	R@r50
0.7580399826162538	1.2154078137925906	1.7975406322306482	1.5751482108942003	1.6224539256725572	0.059322033898305086	0.1016949152542373	0.2627118644067797
