auROC	log2(auPRC/prior)	log2(P@r10/prior)	log2(P@r20/prior)	log2(P@r50/prior)	R@r10	R@r20	R@r50
0.7723431914202145	1.1680489928822908	1.9237644141729147	1.508726914894071	1.4091912413431564	0.058823529411764705	0.08823529411764706	0.20588235294117646
