auROC	log2(auPRC/prior)	log2(P@r10/prior)	log2(P@r20/prior)	log2(P@r50/prior)	R@r10	R@r20	R@r50
0.8220753089968382	3.2055449822509874	3.8875252707415875	3.3025627700204314	2.3025627700204314	0.2857142857142857	0.38095238095238093	0.47619047619047616
