auROC	log2(auPRC/prior)	log2(P@r10/prior)	log2(P@r20/prior)	log2(P@r50/prior)	R@r10	R@r20	R@r50
0.7919561476193511	3.1011656167300647	3.97490901903717	3.4343406376744667	2.3534206422908994	0.27586206896551724	0.3793103448275862	0.4482758620689655
