auROC	log2(auPRC/prior)	log2(P@r10/prior)	log2(P@r20/prior)	log2(P@r50/prior)	R@r10	R@r20	R@r50
0.8749145591250855	3.527271861081332	4.361620625555844	3.5542657034982397	2.9327773267519692	0.3684210526315789	0.42105263157894735	0.6842105263157895
