auROC	log2(auPRC/prior)	log2(P@r10/prior)	log2(P@r20/prior)	log2(P@r50/prior)	R@r10	R@r20	R@r50
0.827633614023028	2.3237211781758016	3.086536750467995	2.893891672525599	2.4084648453553577	0.14545454545454545	0.2545454545454545	0.45454545454545453
