auROC	log2(auPRC/prior)	log2(P@r10/prior)	log2(P@r20/prior)	log2(P@r50/prior)	R@r10	R@r20	R@r50
0.6572893772893773	0.4845042096851527	-inf	-inf	-1.1303654441866067	0.0	0.0	0.04
