auROC	log2(auPRC/prior)	log2(P@r10/prior)	log2(P@r20/prior)	log2(P@r50/prior)	R@r10	R@r20	R@r50
0.7888443623305317	1.210565439273008	1.9218767755323645	1.7698736820873144	1.447945587199952	0.060240963855421686	0.10843373493975904	0.21686746987951808
