auROC	log2(auPRC/prior)	log2(P@r10/prior)	log2(P@r20/prior)	log2(P@r50/prior)	R@r10	R@r20	R@r50
0.7029487179487179	0.4423471338521094	0.6065839536625324	0.7992290316049284	0.7627031555798145	0.014957264957264958	0.03418803418803419	0.08333333333333333
