auROC	log2(auPRC/prior)	log2(P@r10/prior)	log2(P@r20/prior)	log2(P@r50/prior)	R@r10	R@r20	R@r50
0.7140913962243411	0.8506550177140314	1.7457288552159003	1.5530837772735042	1.0087632610496937	0.052980132450331126	0.09271523178807947	0.15894039735099338
