auROC	log2(auPRC/prior)	log2(P@r10/prior)	log2(P@r20/prior)	log2(P@r50/prior)	R@r10	R@r20	R@r50
0.79654673080699	1.2263986388314914	1.8602405023096973	1.8602405023096973	1.6087017353137327	0.056818181818181816	0.11363636363636363	0.23863636363636365
