auROC	log2(auPRC/prior)	log2(P@r10/prior)	log2(P@r20/prior)	log2(P@r50/prior)	R@r10	R@r20	R@r50
0.7478977272727273	1.2472796092692464	2.253138369691294	1.8905682903065855	1.7612852733616193	0.0703125	0.109375	0.25
