auROC	log2(auPRC/prior)	log2(P@r10/prior)	log2(P@r20/prior)	log2(P@r50/prior)	R@r10	R@r20	R@r50
0.7522935779816513	1.230802599540022	2.1750867065580914	2.1010861251143145	1.6186933580337062	0.06451612903225806	0.12258064516129032	0.21935483870967742
