auROC	log2(auPRC/prior)	log2(P@r10/prior)	log2(P@r20/prior)	log2(P@r50/prior)	R@r10	R@r20	R@r50
0.6296376048744696	0.29011997816518387	0.5292811167596692	0.5292811167596692	0.7219261947020652	0.01440329218106996	0.02880658436213992	0.0823045267489712
