auROC	log2(auPRC/prior)	log2(P@r10/prior)	log2(P@r20/prior)	log2(P@r50/prior)	R@r10	R@r20	R@r50
0.5768382352941177	0.37344836330326914	-inf	-inf	0.14795788138710142	0.0	0.0	0.1
