auROC	log2(auPRC/prior)	log2(P@r10/prior)	log2(P@r20/prior)	log2(P@r50/prior)	R@r10	R@r20	R@r50
0.6289531941808981	0.9284022359340223	2.1990179129626393	1.1990179129626393	0.8770898180752768	0.08333333333333333	0.08333333333333333	0.16666666666666666
