auROC	log2(auPRC/prior)	log2(P@r10/prior)	log2(P@r20/prior)	log2(P@r50/prior)	R@r10	R@r20	R@r50
0.8868501529051989	2.0034074561990436	2.401740676665386	2.319278516473413	2.157815093779297	0.08256880733944955	0.1559633027522936	0.3486238532110092
