auROC	log2(auPRC/prior)	log2(P@r10/prior)	log2(P@r20/prior)	log2(P@r50/prior)	R@r10	R@r20	R@r50
0.7730450855902917	1.883203015383016	2.936689142886833	2.5216516436079894	1.8371534693359188	0.13043478260869565	0.1956521739130435	0.30434782608695654
