auROC	log2(auPRC/prior)	log2(P@r10/prior)	log2(P@r20/prior)	log2(P@r50/prior)	R@r10	R@r20	R@r50
0.6895845931990511	1.3243322478058364	2.1192161551980546	2.2346933726179907	1.6717571782268332	0.07228915662650602	0.1566265060240964	0.26506024096385544
