auROC	log2(auPRC/prior)	log2(P@r10/prior)	log2(P@r20/prior)	log2(P@r50/prior)	R@r10	R@r20	R@r50
0.7755419222903884	1.4997114144959935	2.558267634055736	2.236339539168374	1.7217663663386156	0.1	0.16	0.28
