auROC	log2(auPRC/prior)	log2(P@r10/prior)	log2(P@r20/prior)	log2(P@r50/prior)	R@r10	R@r20	R@r50
0.8171379020391002	2.0769515239560103	2.5812324139212417	2.6807680874721562	2.4061457073631507	0.09859154929577464	0.2112676056338028	0.43661971830985913
