auROC	log2(auPRC/prior)	log2(P@r10/prior)	log2(P@r20/prior)	log2(P@r50/prior)	R@r10	R@r20	R@r50
0.8244923568332192	1.61917457627366	1.9567794714008777	2.0942829951508126	1.7052407044049132	0.06944444444444445	0.1527777777777778	0.2916666666666667
