auROC	log2(auPRC/prior)	log2(P@r10/prior)	log2(P@r20/prior)	log2(P@r50/prior)	R@r10	R@r20	R@r50
0.7111961722488038	2.1637404186031133	2.5824292339756343	2.5824292339756343	1.2605011390882717	0.10526315789473684	0.21052631578947367	0.21052631578947367
