auROC	log2(auPRC/prior)	log2(P@r10/prior)	log2(P@r20/prior)	log2(P@r50/prior)	R@r10	R@r20	R@r50
0.7631919394852594	1.4628626612072722	2.3041731006272803	2.134248099184968	1.982245005739918	0.0743801652892562	0.1322314049586777	0.2975206611570248
