auROC	log2(auPRC/prior)	log2(P@r10/prior)	log2(P@r20/prior)	log2(P@r50/prior)	R@r10	R@r20	R@r50
0.8298136645962733	1.2277436329856681	1.6631819430349783	1.7411844550362512	1.5636462694840636	0.04285714285714286	0.09047619047619047	0.2
