auROC	log2(auPRC/prior)	log2(P@r10/prior)	log2(P@r20/prior)	log2(P@r50/prior)	R@r10	R@r20	R@r50
0.6799610221873702	0.35896672345300046	0.7087221179528224	0.7087221179528224	0.7087221179528224	0.013803680981595092	0.027607361963190184	0.06901840490797546
