auROC	log2(auPRC/prior)	log2(P@r10/prior)	log2(P@r20/prior)	log2(P@r50/prior)	R@r10	R@r20	R@r50
0.6249739311783108	1.713355827507999	2.736140961368168	2.05806905625553	1.2215677885384095	0.11428571428571428	0.14285714285714285	0.2
