auROC	log2(auPRC/prior)	log2(P@r10/prior)	log2(P@r20/prior)	log2(P@r50/prior)	R@r10	R@r20	R@r50
0.7627201416231725	1.6770320472227778	2.7309237873783725	2.3158862880995286	1.8013131152697706	0.11940298507462686	0.1791044776119403	0.31343283582089554
