auROC	log2(auPRC/prior)	log2(P@r10/prior)	log2(P@r20/prior)	log2(P@r50/prior)	R@r10	R@r20	R@r50
0.7959558823529412	1.8969794099353607	2.994838294884221	1.9948382948842212	1.257872700718015	0.14285714285714285	0.14285714285714285	0.21428571428571427
