auROC	log2(auPRC/prior)	log2(P@r10/prior)	log2(P@r20/prior)	log2(P@r50/prior)	R@r10	R@r20	R@r50
0.8053285387381497	2.1567921864850637	2.270853910293093	2.855816411014249	2.270853910293093	0.08695652173913043	0.2608695652173913	0.43478260869565216
