auROC	log2(auPRC/prior)	log2(P@r10/prior)	log2(P@r20/prior)	log2(P@r50/prior)	R@r10	R@r20	R@r50
0.7232539081760918	0.3982602098792304	0.48078046231387683	0.568243303564216	0.5851171221286123	0.012861736334405145	0.027331189710610933	0.06913183279742766
