auROC	log2(auPRC/prior)	log2(P@r10/prior)	log2(P@r20/prior)	log2(P@r50/prior)	R@r10	R@r20	R@r50
0.6650033514560214	1.9981752220823332	3.0845335102116676	2.569960337381909	1.4406773204369432	0.1724137931034483	0.2413793103448276	0.27586206896551724
