auROC	log2(auPRC/prior)	log2(P@r10/prior)	log2(P@r20/prior)	log2(P@r50/prior)	R@r10	R@r20	R@r50
0.5906440162271805	0.1086077817616735	-1.6446337133941311	-1.6446337133941311	-0.9665618082814936	0.004310344827586207	0.008620689655172414	0.034482758620689655
