auROC	log2(auPRC/prior)	log2(P@r10/prior)	log2(P@r20/prior)	log2(P@r50/prior)	R@r10	R@r20	R@r50
0.808812615955473	2.1425152245094257	2.4828482830684657	3.0678107837896214	1.9682751102387075	0.1	0.3	0.35
