auROC	log2(auPRC/prior)	log2(P@r10/prior)	log2(P@r20/prior)	log2(P@r50/prior)	R@r10	R@r20	R@r50
0.6270771250236178	0.20838990033555	0.8629717505224868	0.6285064968854639	0.5766675653658458	0.016474464579901153	0.02800658978583196	0.06754530477759473
