auROC	log2(auPRC/prior)	log2(P@r10/prior)	log2(P@r20/prior)	log2(P@r50/prior)	R@r10	R@r20	R@r50
0.7106676595474999	0.5024435167652502	0.8294548465455456	0.8294548465455456	0.7638665049179687	0.01768172888015717	0.03536345776031434	0.08447937131630648
