auROC	log2(auPRC/prior)	log2(P@r10/prior)	log2(P@r20/prior)	log2(P@r50/prior)	R@r10	R@r20	R@r50
0.8640255472763456	2.0400495037314106	2.570818318400886	2.570818318400886	2.1557808191220427	0.0975609756097561	0.1951219512195122	0.36585365853658536
