auROC	log2(auPRC/prior)	log2(P@r10/prior)	log2(P@r20/prior)	log2(P@r50/prior)	R@r10	R@r20	R@r50
0.7353526456579892	1.0368369291538773	2.3018127335902867	1.5913193507852716	1.0578871507041971	0.07692307692307693	0.09401709401709402	0.1623931623931624
