auROC	log2(auPRC/prior)	log2(P@r10/prior)	log2(P@r20/prior)	log2(P@r50/prior)	R@r10	R@r20	R@r50
0.7683900798654897	3.012723873891922	3.730012833524439	3.314975334245595	2.408084738637077	0.23076923076923078	0.34615384615384615	0.46153846153846156
