auROC	log2(auPRC/prior)	log2(P@r10/prior)	log2(P@r20/prior)	log2(P@r50/prior)	R@r10	R@r20	R@r50
0.7737875997544506	1.5031966288474758	-inf	-inf	0.8718436485093178	0.0	0.0	0.16666666666666666
