auROC	log2(auPRC/prior)	log2(P@r10/prior)	log2(P@r20/prior)	log2(P@r50/prior)	R@r10	R@r20	R@r50
0.8639577407557905	2.1897404499308104	1.9218668031813095	2.658832397347516	2.3369043024601535	0.06521739130434782	0.21739130434782608	0.43478260869565216
