auROC	log2(auPRC/prior)	log2(P@r10/prior)	log2(P@r20/prior)	log2(P@r50/prior)	R@r10	R@r20	R@r50
0.794354361462895	1.108698491665572	1.6288421985940773	1.6288421985940773	1.4945411068824865	0.04411764705882353	0.08823529411764706	0.20098039215686275
