auROC	log2(auPRC/prior)	log2(P@r10/prior)	log2(P@r20/prior)	log2(P@r50/prior)	R@r10	R@r20	R@r50
0.6704128440366972	0.9885977190236697	-inf	0.8099288657214307	1.4880007708340681	0.0	0.0625	0.25
