auROC	log2(auPRC/prior)	log2(P@r10/prior)	log2(P@r20/prior)	log2(P@r50/prior)	R@r10	R@r20	R@r50
0.7968202348690154	1.171575006656595	1.6720481174848678	1.6720481174848678	1.5827807793877804	0.044444444444444446	0.08888888888888889	0.2088888888888889
