auROC	log2(auPRC/prior)	log2(P@r10/prior)	log2(P@r20/prior)	log2(P@r50/prior)	R@r10	R@r20	R@r50
0.8207480592801694	2.9767674977672427	3.101753498800733	2.686715999521889	2.101753498800733	0.15384615384615385	0.23076923076923078	0.38461538461538464
