auROC	log2(auPRC/prior)	log2(P@r10/prior)	log2(P@r20/prior)	log2(P@r50/prior)	R@r10	R@r20	R@r50
0.6470588235294117	1.3526682534158425	1.9948382948842212	0.9948382948842212	1.257872700718015	0.07142857142857142	0.07142857142857142	0.21428571428571427
