auROC	log2(auPRC/prior)	log2(P@r10/prior)	log2(P@r20/prior)	log2(P@r50/prior)	R@r10	R@r20	R@r50
0.7227545820974979	0.5385069654954984	0.9370304556805159	0.9370304556805159	0.7671054542382036	0.020833333333333332	0.041666666666666664	0.09259259259259259
