auROC	log2(auPRC/prior)	log2(P@r10/prior)	log2(P@r20/prior)	log2(P@r50/prior)	R@r10	R@r20	R@r50
0.7356199322395218	1.1965334754924817	2.116901900513244	2.023792496121762	1.6023287276834859	0.07339449541284404	0.13761467889908258	0.25688073394495414
