auROC	log2(auPRC/prior)	log2(P@r10/prior)	log2(P@r20/prior)	log2(P@r50/prior)	R@r10	R@r20	R@r50
0.7128259337561663	1.1466052794742654	1.208136159684896	2.0826052776010373	1.549173077519963	0.03896103896103896	0.14285714285714285	0.24675324675324675
