auROC	log2(auPRC/prior)	log2(P@r10/prior)	log2(P@r20/prior)	log2(P@r50/prior)	R@r10	R@r20	R@r50
0.6744774330981227	0.9660864068475818	1.8396816383429462	1.8396816383429462	1.5177535434555838	0.05172413793103448	0.10344827586206896	0.20689655172413793
