auROC	log2(auPRC/prior)	log2(P@r10/prior)	log2(P@r20/prior)	log2(P@r50/prior)	R@r10	R@r20	R@r50
0.8090397218085447	0.4278703069173473	0.6256314441743166	0.6256314441743166	0.566737755120748	0.010090817356205853	0.020181634712411706	0.04843592330978809
