auROC	log2(auPRC/prior)	log2(P@r10/prior)	log2(P@r20/prior)	log2(P@r50/prior)	R@r10	R@r20	R@r50
0.7657992565055762	2.849514650657846	3.791814071161826	2.791814071161826	2.2772408983320678	0.25	0.25	0.4375
