auROC	log2(auPRC/prior)	log2(P@r10/prior)	log2(P@r20/prior)	log2(P@r50/prior)	R@r10	R@r20	R@r50
0.8054675499231951	1.6343429150436084	2.465663572348812	2.166103290489904	1.898622979624918	0.09523809523809523	0.15476190476190477	0.32142857142857145
