auROC	log2(auPRC/prior)	log2(P@r10/prior)	log2(P@r20/prior)	log2(P@r50/prior)	R@r10	R@r20	R@r50
0.7066098945660989	2.461685757192544	2.6296804210103573	1.6296804210103573	1.3077523261229949	0.1111111111111111	0.1111111111111111	0.2222222222222222
