auROC	log2(auPRC/prior)	log2(P@r10/prior)	log2(P@r20/prior)	log2(P@r50/prior)	R@r10	R@r20	R@r50
0.723112128146453	1.6017260936223208	1.587491327031895	2.587491327031895	1.8505257328656888	0.05263157894736842	0.21052631578947367	0.3157894736842105
