auROC	log2(auPRC/prior)	log2(P@r10/prior)	log2(P@r20/prior)	log2(P@r50/prior)	R@r10	R@r20	R@r50
0.7052864261361507	0.2764949992096507	0.5394876174586687	0.5394876174586687	0.5103412717991521	0.009216589861751152	0.018433179723502304	0.04516129032258064
