auROC	log2(auPRC/prior)	log2(P@r10/prior)	log2(P@r20/prior)	log2(P@r50/prior)	R@r10	R@r20	R@r50
0.7937810306454376	0.7238073900155539	1.1419677718945325	0.9899646784494827	0.9243763368219059	0.022727272727272728	0.04090909090909091	0.09772727272727273
