auROC	log2(auPRC/prior)	log2(P@r10/prior)	log2(P@r20/prior)	log2(P@r50/prior)	R@r10	R@r20	R@r50
0.7246993524514339	0.7115687346086322	1.463333056319625	1.2706879783772291	0.8962924635957312	0.0425531914893617	0.07446808510638298	0.14361702127659576
