auROC	log2(auPRC/prior)	log2(P@r10/prior)	log2(P@r20/prior)	log2(P@r50/prior)	R@r10	R@r20	R@r50
0.7000732600732602	1.014865685623721	2.1915626507007557	1.191562650700756	1.191562650700756	0.08	0.08	0.2
