auROC	log2(auPRC/prior)	log2(P@r10/prior)	log2(P@r20/prior)	log2(P@r50/prior)	R@r10	R@r20	R@r50
0.6843010752688172	1.0404129632949817	2.267835392097615	1.267835392097615	1.267835392097615	0.08	0.08	0.2
