auROC	log2(auPRC/prior)	log2(P@r10/prior)	log2(P@r20/prior)	log2(P@r50/prior)	R@r10	R@r20	R@r50
0.5742107421074211	0.15635190753993972	-inf	-inf	-0.24645884963161124	0.0	0.0	0.07407407407407407
