auROC	log2(auPRC/prior)	log2(P@r10/prior)	log2(P@r20/prior)	log2(P@r50/prior)	R@r10	R@r20	R@r50
0.8309267368919397	1.276740814705228	1.4589171971517652	1.5463800384021045	1.5632538569665009	0.0392156862745098	0.08333333333333333	0.2107843137254902
