auROC	log2(auPRC/prior)	log2(P@r10/prior)	log2(P@r20/prior)	log2(P@r50/prior)	R@r10	R@r20	R@r50
0.722381822930269	1.4658151812670392	2.0025739436638266	2.0025739436638266	1.2656083494976202	0.07142857142857142	0.14285714285714285	0.21428571428571427
