auROC	log2(auPRC/prior)	log2(P@r10/prior)	log2(P@r20/prior)	log2(P@r50/prior)	R@r10	R@r20	R@r50
0.9026816264820562	2.5364313910951397	3.08387255725502	2.849407303617997	2.7254185863425437	0.14084507042253522	0.23943661971830985	0.5492957746478874
