auROC	log2(auPRC/prior)	log2(P@r10/prior)	log2(P@r20/prior)	log2(P@r50/prior)	R@r10	R@r20	R@r50
0.7752117789431222	1.3819580882448355	2.208399149256948	1.973933895619925	1.734467960924536	0.06756756756756757	0.11486486486486487	0.24324324324324326
