auROC	log2(auPRC/prior)	log2(P@r10/prior)	log2(P@r20/prior)	log2(P@r50/prior)	R@r10	R@r20	R@r50
0.8524524179173135	2.794467973117369	3.347923303420307	2.762960802699151	2.688960221255374	0.18181818181818182	0.24242424242424243	0.5757575757575758
