auROC	log2(auPRC/prior)	log2(P@r10/prior)	log2(P@r20/prior)	log2(P@r50/prior)	R@r10	R@r20	R@r50
0.6331270593908221	0.5684201995629159	-inf	-inf	0.557095707288212	0.0	0.0	0.13043478260869565
