auROC	log2(auPRC/prior)	log2(P@r10/prior)	log2(P@r20/prior)	log2(P@r50/prior)	R@r10	R@r20	R@r50
0.8354510073260073	2.571226875421121	2.8529975876133165	3.022922589055629	2.4379600883344725	0.125	0.28125	0.46875
