auROC	log2(auPRC/prior)	log2(P@r10/prior)	log2(P@r20/prior)	log2(P@r50/prior)	R@r10	R@r20	R@r50
0.7099851274424329	1.3463262556819764	2.193132392603638	2.193132392603638	1.4561667984374314	0.08108108108108109	0.16216216216216217	0.24324324324324326
