auROC	log2(auPRC/prior)	log2(P@r10/prior)	log2(P@r20/prior)	log2(P@r50/prior)	R@r10	R@r20	R@r50
0.8600984167736414	1.9933962009271342	2.6273610847791042	2.3928958311420816	2.2314324084479655	0.10526315789473684	0.17894736842105263	0.4
