auROC	log2(auPRC/prior)	log2(P@r10/prior)	log2(P@r20/prior)	log2(P@r50/prior)	R@r10	R@r20	R@r50
0.6350007005744711	0.4563495071867248	-inf	-inf	-0.17687776208407935	0.0	0.0	0.07692307692307693
