auROC	log2(auPRC/prior)	log2(P@r10/prior)	log2(P@r20/prior)	log2(P@r50/prior)	R@r10	R@r20	R@r50
0.7223996350364963	1.3295295254931794	1.2529807411698708	1.8379432418910269	1.5160151470036647	0.041666666666666664	0.125	0.25
