auROC	log2(auPRC/prior)	log2(P@r10/prior)	log2(P@r20/prior)	log2(P@r50/prior)	R@r10	R@r20	R@r50
0.7692054565035299	1.2069873223478722	1.998027757668395	1.924027176224618	1.6395737867559186	0.0546448087431694	0.10382513661202186	0.21311475409836064
