auROC	log2(auPRC/prior)	log2(P@r10/prior)	log2(P@r20/prior)	log2(P@r50/prior)	R@r10	R@r20	R@r50
0.829302103250478	1.9304815077786723	2.0780974230266613	2.300489844363109	2.258669668668482	0.075	0.175	0.425
