auROC	log2(auPRC/prior)	log2(P@r10/prior)	log2(P@r20/prior)	log2(P@r50/prior)	R@r10	R@r20	R@r50
0.7526401615157633	2.188158604333218	3.1475838336879103	2.925191412351462	2.1057636579932835	0.14893617021276595	0.2553191489361702	0.3617021276595745
