auROC	log2(auPRC/prior)	log2(P@r10/prior)	log2(P@r20/prior)	log2(P@r50/prior)	R@r10	R@r20	R@r50
0.8106223287814031	0.6987634554653932	1.0175858113059604	1.0175858113059604	0.9586921222523919	0.018867924528301886	0.03773584905660377	0.09056603773584905
