auROC	log2(auPRC/prior)	log2(P@r10/prior)	log2(P@r20/prior)	log2(P@r50/prior)	R@r10	R@r20	R@r50
0.5795177045177045	0.7536396985955925	2.217230716220669	1.2172307162206688	-0.1046973786666934	0.08333333333333333	0.08333333333333333	0.08333333333333333
