auROC	log2(auPRC/prior)	log2(P@r10/prior)	log2(P@r20/prior)	log2(P@r50/prior)	R@r10	R@r20	R@r50
0.6921339084000822	0.9800118675619576	-inf	-inf	1.312923281626153	0.0	0.0	0.2222222222222222
