auROC	log2(auPRC/prior)	log2(P@r10/prior)	log2(P@r20/prior)	log2(P@r50/prior)	R@r10	R@r20	R@r50
0.7536999426666796	0.6398896239625377	0.9380411311285668	1.0160436431298399	1.031150535520048	0.02107728337236534	0.04449648711943794	0.11241217798594848
