auROC	log2(auPRC/prior)	log2(P@r10/prior)	log2(P@r20/prior)	log2(P@r50/prior)	R@r10	R@r20	R@r50
0.7839912280701754	2.0201097642293875	3.08037341646402	2.732450113043713	2.1990179129626393	0.14583333333333334	0.22916666666666666	0.3958333333333333
