auROC	log2(auPRC/prior)	log2(P@r10/prior)	log2(P@r20/prior)	log2(P@r50/prior)	R@r10	R@r20	R@r50
0.8352773279907786	1.2517101022515846	1.5438238059276699	1.6312866471780092	1.5072979299025557	0.04819277108433735	0.10240963855421686	0.23493975903614459
