auROC	log2(auPRC/prior)	log2(P@r10/prior)	log2(P@r20/prior)	log2(P@r50/prior)	R@r10	R@r20	R@r50
0.7849683273412088	2.182320735755279	3.0251899084613014	2.662619829076593	2.391317807259199	0.13636363636363635	0.21212121212121213	0.4393939393939394
