auROC	log2(auPRC/prior)	log2(P@r10/prior)	log2(P@r20/prior)	log2(P@r50/prior)	R@r10	R@r20	R@r50
0.8328797453757092	0.642349010050576	0.8607252113978722	0.8607252113978722	0.8018315223443038	0.015337423312883436	0.03067484662576687	0.0736196319018405
