auROC	log2(auPRC/prior)	log2(P@r10/prior)	log2(P@r20/prior)	log2(P@r50/prior)	R@r10	R@r20	R@r50
0.7426759287224404	1.0046237952839885	1.208136159684896	1.208136159684896	1.3012455640763778	0.03896103896103896	0.07792207792207792	0.2077922077922078
