auROC	log2(auPRC/prior)	log2(P@r10/prior)	log2(P@r20/prior)	log2(P@r50/prior)	R@r10	R@r20	R@r50
0.8230353075170842	2.854290269279788	3.7275801561677335	3.258094872866513	2.483654573281644	0.28125	0.40625	0.59375
