auROC	log2(auPRC/prior)	log2(P@r10/prior)	log2(P@r20/prior)	log2(P@r50/prior)	R@r10	R@r20	R@r50
0.6431372549019608	0.35350445323135554	-0.1963972128035033	-1.1963972128035034	-0.9333628069697095	0.015151515151515152	0.015151515151515152	0.045454545454545456
