auROC	log2(auPRC/prior)	log2(P@r10/prior)	log2(P@r20/prior)	log2(P@r50/prior)	R@r10	R@r20	R@r50
0.8463103991596639	2.880363196514384	3.030588319833423	3.3525164147207853	2.878585226388373	0.14285714285714285	0.35714285714285715	0.6428571428571429
