auROC	log2(auPRC/prior)	log2(P@r10/prior)	log2(P@r20/prior)	log2(P@r50/prior)	R@r10	R@r20	R@r50
0.7980746468870827	2.5242980178681393	2.904379376452469	2.3194168757313127	2.3194168757313127	0.13043478260869565	0.17391304347826086	0.43478260869565216
