auROC	log2(auPRC/prior)	log2(P@r10/prior)	log2(P@r20/prior)	log2(P@r50/prior)	R@r10	R@r20	R@r50
0.6661184210526316	4.030270644214468	4.339850002884624	3.3398500028846247	2.017921907997262	0.375	0.375	0.375
