auROC	log2(auPRC/prior)	log2(P@r10/prior)	log2(P@r20/prior)	log2(P@r50/prior)	R@r10	R@r20	R@r50
0.7929521113501437	0.5750907190566845	0.8629717505224868	0.8629717505224868	0.8040780614689182	0.016474464579901153	0.032948929159802305	0.07907742998352553
