auROC	log2(auPRC/prior)	log2(P@r10/prior)	log2(P@r20/prior)	log2(P@r50/prior)	R@r10	R@r20	R@r50
0.8059701492537313	1.525469587724865	2.052851882265735	1.7309237873783727	1.7309237873783727	0.07462686567164178	0.11940298507462686	0.29850746268656714
