auROC	log2(auPRC/prior)	log2(P@r10/prior)	log2(P@r20/prior)	log2(P@r50/prior)	R@r10	R@r20	R@r50
0.5	0.0	0.40500217772832636	0.7269302726156888	0.7835138009820563	0.013636363636363636	0.03409090909090909	0.08863636363636364
