auROC	log2(auPRC/prior)	log2(P@r10/prior)	log2(P@r20/prior)	log2(P@r50/prior)	R@r10	R@r20	R@r50
0.8976679104477613	2.6828778431675087	3.1602748314085933	2.9903498299662807	2.712815854437372	0.15	0.26666666666666666	0.55
